[{"model": "admin.logentry", "pk": 1, "fields": {"action_time": "2025-05-08T07:36:33.653Z", "user": 1, "content_type": 13, "object_id": "4", "object_repr": "Mala", "action_flag": 1, "change_message": "new through import_export"}}, {"model": "admin.logentry", "pk": 2, "fields": {"action_time": "2025-05-08T07:36:33.653Z", "user": 1, "content_type": 13, "object_id": "3", "object_repr": "Nepali Instrument", "action_flag": 1, "change_message": "new through import_export"}}, {"model": "admin.logentry", "pk": 3, "fields": {"action_time": "2025-05-08T07:36:33.653Z", "user": 1, "content_type": 13, "object_id": "2", "object_repr": "Rudrakshya", "action_flag": 1, "change_message": "new through import_export"}}, {"model": "admin.logentry", "pk": 4, "fields": {"action_time": "2025-05-08T07:36:33.653Z", "user": 1, "content_type": 13, "object_id": "1", "object_repr": "Bowl", "action_flag": 1, "change_message": "new through import_export"}}, {"model": "admin.logentry", "pk": 5, "fields": {"action_time": "2025-05-08T07:36:42.772Z", "user": 1, "content_type": 9, "object_id": "14", "object_repr": "SandalWood Mala", "action_flag": 1, "change_message": "new through import_export"}}, {"model": "admin.logentry", "pk": 6, "fields": {"action_time": "2025-05-08T07:36:42.772Z", "user": 1, "content_type": 9, "object_id": "13", "object_repr": "Gauley Madal", "action_flag": 1, "change_message": "new through import_export"}}, {"model": "admin.logentry", "pk": 7, "fields": {"action_time": "2025-05-08T07:36:42.772Z", "user": 1, "content_type": 9, "object_id": "12", "object_repr": "Therapy Bowl", "action_flag": 1, "change_message": "new through import_export"}}, {"model": "admin.logentry", "pk": 8, "fields": {"action_time": "2025-05-08T07:36:42.772Z", "user": 1, "content_type": 9, "object_id": "11", "object_repr": "Root Chakra", "action_flag": 1, "change_message": "new through import_export"}}, {"model": "admin.logentry", "pk": 9, "fields": {"action_time": "2025-05-08T07:36:42.773Z", "user": 1, "content_type": 9, "object_id": "10", "object_repr": "Yoga Bowl", "action_flag": 1, "change_message": "new through import_export"}}, {"model": "admin.logentry", "pk": 10, "fields": {"action_time": "2025-05-08T07:36:42.773Z", "user": 1, "content_type": 9, "object_id": "9", "object_repr": "Full Moon Singing Bowl", "action_flag": 1, "change_message": "new through import_export"}}, {"model": "admin.logentry", "pk": 11, "fields": {"action_time": "2025-05-08T07:36:42.773Z", "user": 1, "content_type": 9, "object_id": "8", "object_repr": "Antique Rudrakshya", "action_flag": 1, "change_message": "new through import_export"}}, {"model": "admin.logentry", "pk": 12, "fields": {"action_time": "2025-05-08T07:36:42.773Z", "user": 1, "content_type": 9, "object_id": "7", "object_repr": "Sound Note", "action_flag": 1, "change_message": "new through import_export"}}, {"model": "admin.logentry", "pk": 13, "fields": {"action_time": "2025-05-08T07:36:42.773Z", "user": 1, "content_type": 9, "object_id": "6", "object_repr": "Black Bowl", "action_flag": 1, "change_message": "new through import_export"}}, {"model": "admin.logentry", "pk": 14, "fields": {"action_time": "2025-05-08T07:36:42.773Z", "user": 1, "content_type": 9, "object_id": "5", "object_repr": "Rudrakshya", "action_flag": 1, "change_message": "new through import_export"}}, {"model": "admin.logentry", "pk": 15, "fields": {"action_time": "2025-05-08T07:36:42.773Z", "user": 1, "content_type": 9, "object_id": "4", "object_repr": "Singing Bowl", "action_flag": 1, "change_message": "new through import_export"}}, {"model": "admin.logentry", "pk": 16, "fields": {"action_time": "2025-05-08T07:36:42.773Z", "user": 1, "content_type": 9, "object_id": "3", "object_repr": "7 Chakra Healing Tunned Singing Bowl", "action_flag": 1, "change_message": "new through import_export"}}, {"model": "admin.logentry", "pk": 17, "fields": {"action_time": "2025-05-08T07:36:42.773Z", "user": 1, "content_type": 9, "object_id": "2", "object_repr": "Antique Bowl", "action_flag": 1, "change_message": "new through import_export"}}, {"model": "admin.logentry", "pk": 18, "fields": {"action_time": "2025-05-08T07:36:42.773Z", "user": 1, "content_type": 9, "object_id": "1", "object_repr": "Healing Bowl", "action_flag": 1, "change_message": "new through import_export"}}, {"model": "admin.logentry", "pk": 19, "fields": {"action_time": "2025-05-08T07:36:54.689Z", "user": 1, "content_type": 10, "object_id": "5", "object_repr": "large", "action_flag": 1, "change_message": "new through import_export"}}, {"model": "admin.logentry", "pk": 20, "fields": {"action_time": "2025-05-08T07:36:54.689Z", "user": 1, "content_type": 10, "object_id": "4", "object_repr": "medium", "action_flag": 1, "change_message": "new through import_export"}}, {"model": "admin.logentry", "pk": 21, "fields": {"action_time": "2025-05-08T07:36:54.689Z", "user": 1, "content_type": 10, "object_id": "3", "object_repr": "small", "action_flag": 1, "change_message": "new through import_export"}}, {"model": "admin.logentry", "pk": 22, "fields": {"action_time": "2025-05-08T07:36:54.689Z", "user": 1, "content_type": 10, "object_id": "2", "object_repr": "medium", "action_flag": 1, "change_message": "new through import_export"}}, {"model": "admin.logentry", "pk": 23, "fields": {"action_time": "2025-05-08T07:36:54.689Z", "user": 1, "content_type": 10, "object_id": "1", "object_repr": "large", "action_flag": 1, "change_message": "new through import_export"}}, {"model": "admin.logentry", "pk": 24, "fields": {"action_time": "2025-05-08T07:37:03.759Z", "user": 1, "content_type": 8, "object_id": "4", "object_repr": "fourth", "action_flag": 1, "change_message": "new through import_export"}}, {"model": "admin.logentry", "pk": 25, "fields": {"action_time": "2025-05-08T07:37:03.759Z", "user": 1, "content_type": 8, "object_id": "3", "object_repr": "third", "action_flag": 1, "change_message": "new through import_export"}}, {"model": "admin.logentry", "pk": 26, "fields": {"action_time": "2025-05-08T07:37:03.759Z", "user": 1, "content_type": 8, "object_id": "2", "object_repr": "second", "action_flag": 1, "change_message": "new through import_export"}}, {"model": "admin.logentry", "pk": 27, "fields": {"action_time": "2025-05-08T07:37:03.759Z", "user": 1, "content_type": 8, "object_id": "1", "object_repr": "first", "action_flag": 1, "change_message": "new through import_export"}}, {"model": "admin.logentry", "pk": 28, "fields": {"action_time": "2025-05-08T07:37:48.225Z", "user": 1, "content_type": 14, "object_id": "1", "object_repr": "left_banner", "action_flag": 1, "change_message": "[{\"added\": {}}]"}}, {"model": "admin.logentry", "pk": 29, "fields": {"action_time": "2025-05-08T07:37:59.232Z", "user": 1, "content_type": 15, "object_id": "1", "object_repr": "right_banner", "action_flag": 1, "change_message": "[{\"added\": {}}]"}}, {"model": "admin.logentry", "pk": 30, "fields": {"action_time": "2025-05-08T07:48:20.412Z", "user": 1, "content_type": 7, "object_id": "1", "object_repr": "Sujan", "action_flag": 1, "change_message": "[{\"added\": {}}]"}}, {"model": "admin.logentry", "pk": 31, "fields": {"action_time": "2025-05-08T08:40:25.136Z", "user": 1, "content_type": 9, "object_id": "13", "object_repr": "Gauley Madal", "action_flag": 2, "change_message": "[{\"changed\": {\"fields\": [\"Category\"]}}]"}}, {"model": "admin.logentry", "pk": 32, "fields": {"action_time": "2025-05-08T08:40:56.669Z", "user": 1, "content_type": 9, "object_id": "5", "object_repr": "Rudrakshya", "action_flag": 2, "change_message": "[{\"changed\": {\"fields\": [\"Category\"]}}]"}}, {"model": "admin.logentry", "pk": 33, "fields": {"action_time": "2025-05-08T08:41:01.108Z", "user": 1, "content_type": 9, "object_id": "8", "object_repr": "Antique Rudrakshya", "action_flag": 2, "change_message": "[{\"changed\": {\"fields\": [\"Category\"]}}]"}}, {"model": "admin.logentry", "pk": 34, "fields": {"action_time": "2025-05-08T08:46:21.366Z", "user": 1, "content_type": 9, "object_id": "5", "object_repr": "Rudrakshya", "action_flag": 2, "change_message": "[{\"changed\": {\"fields\": [\"Stock\"]}}]"}}, {"model": "admin.logentry", "pk": 35, "fields": {"action_time": "2025-05-08T17:18:44.203Z", "user": 1, "content_type": 19, "object_id": "2", "object_repr": "Message from Sujan Dotel - adsf", "action_flag": 2, "change_message": "[{\"changed\": {\"fields\": [\"Is read\"]}}]"}}, {"model": "admin.logentry", "pk": 36, "fields": {"action_time": "2025-05-08T17:21:33.818Z", "user": 1, "content_type": 19, "object_id": "3", "object_repr": "Message from Sujan Dotel - TEST", "action_flag": 2, "change_message": "[{\"changed\": {\"fields\": [\"Is read\"]}}]"}}, {"model": "admin.logentry", "pk": 37, "fields": {"action_time": "2025-05-08T17:33:03.389Z", "user": 1, "content_type": 9, "object_id": "1", "object_repr": "Healing Bowl", "action_flag": 2, "change_message": "[{\"added\": {\"name\": \"product gallery\", \"object\": \"Healing Bowl\"}}]"}}, {"model": "admin.logentry", "pk": 38, "fields": {"action_time": "2025-05-08T17:33:12.896Z", "user": 1, "content_type": 9, "object_id": "1", "object_repr": "Healing Bowl", "action_flag": 2, "change_message": "[{\"added\": {\"name\": \"product gallery\", \"object\": \"Healing Bowl\"}}]"}}, {"model": "admin.logentry", "pk": 39, "fields": {"action_time": "2025-05-08T17:33:31.735Z", "user": 1, "content_type": 9, "object_id": "1", "object_repr": "Healing Bowl", "action_flag": 2, "change_message": "[{\"added\": {\"name\": \"product gallery\", \"object\": \"Healing Bowl\"}}]"}}, {"model": "admin.logentry", "pk": 40, "fields": {"action_time": "2025-05-09T05:12:55.974Z", "user": 3, "content_type": 7, "object_id": "2", "object_repr": "sandip", "action_flag": 1, "change_message": "[{\"added\": {}}]"}}, {"model": "admin.logentry", "pk": 41, "fields": {"action_time": "2025-05-09T06:14:12.288Z", "user": 1, "content_type": 6, "object_id": "4", "object_repr": "sujandotel181@gmail.com", "action_flag": 3, "change_message": ""}}, {"model": "admin.logentry", "pk": 42, "fields": {"action_time": "2025-05-09T06:24:55.631Z", "user": 1, "content_type": 16, "object_id": "44", "object_repr": "Sujan", "action_flag": 2, "change_message": "[{\"changed\": {\"fields\": [\"Status\"]}}]"}}, {"model": "admin.logentry", "pk": 43, "fields": {"action_time": "2025-05-09T06:26:10.461Z", "user": 1, "content_type": 9, "object_id": "1", "object_repr": "Healing Bowl", "action_flag": 2, "change_message": "[{\"added\": {\"name\": \"product gallery\", \"object\": \"Healing Bowl\"}}]"}}, {"model": "admin.logentry", "pk": 44, "fields": {"action_time": "2025-05-09T06:26:33.566Z", "user": 1, "content_type": 9, "object_id": "1", "object_repr": "Healing Bowl", "action_flag": 2, "change_message": "[{\"added\": {\"name\": \"product gallery\", \"object\": \"Healing Bowl\"}}, {\"added\": {\"name\": \"product gallery\", \"object\": \"Healing Bowl\"}}]"}}, {"model": "admin.logentry", "pk": 45, "fields": {"action_time": "2025-05-09T06:37:05.541Z", "user": 1, "content_type": 16, "object_id": "45", "object_repr": "Sujan", "action_flag": 3, "change_message": ""}}, {"model": "admin.logentry", "pk": 46, "fields": {"action_time": "2025-05-09T06:37:05.541Z", "user": 1, "content_type": 16, "object_id": "41", "object_repr": "Sujan", "action_flag": 3, "change_message": ""}}, {"model": "admin.logentry", "pk": 47, "fields": {"action_time": "2025-05-09T06:37:05.541Z", "user": 1, "content_type": 16, "object_id": "40", "object_repr": "Sujan", "action_flag": 3, "change_message": ""}}, {"model": "admin.logentry", "pk": 48, "fields": {"action_time": "2025-05-09T06:37:05.541Z", "user": 1, "content_type": 16, "object_id": "39", "object_repr": "Sujan", "action_flag": 3, "change_message": ""}}, {"model": "admin.logentry", "pk": 49, "fields": {"action_time": "2025-05-09T06:37:05.541Z", "user": 1, "content_type": 16, "object_id": "38", "object_repr": "Sujan", "action_flag": 3, "change_message": ""}}, {"model": "admin.logentry", "pk": 50, "fields": {"action_time": "2025-05-09T06:37:05.541Z", "user": 1, "content_type": 16, "object_id": "37", "object_repr": "Sujan", "action_flag": 3, "change_message": ""}}, {"model": "admin.logentry", "pk": 51, "fields": {"action_time": "2025-05-09T06:37:05.541Z", "user": 1, "content_type": 16, "object_id": "36", "object_repr": "Sujan", "action_flag": 3, "change_message": ""}}, {"model": "admin.logentry", "pk": 52, "fields": {"action_time": "2025-05-09T06:37:05.541Z", "user": 1, "content_type": 16, "object_id": "33", "object_repr": "Sujan", "action_flag": 3, "change_message": ""}}, {"model": "admin.logentry", "pk": 53, "fields": {"action_time": "2025-05-09T06:37:05.541Z", "user": 1, "content_type": 16, "object_id": "32", "object_repr": "Sujan", "action_flag": 3, "change_message": ""}}, {"model": "admin.logentry", "pk": 54, "fields": {"action_time": "2025-05-09T06:37:05.541Z", "user": 1, "content_type": 16, "object_id": "31", "object_repr": "Sujan", "action_flag": 3, "change_message": ""}}, {"model": "admin.logentry", "pk": 55, "fields": {"action_time": "2025-05-09T06:37:05.541Z", "user": 1, "content_type": 16, "object_id": "30", "object_repr": "Sujan", "action_flag": 3, "change_message": ""}}, {"model": "admin.logentry", "pk": 56, "fields": {"action_time": "2025-05-09T06:37:05.541Z", "user": 1, "content_type": 16, "object_id": "29", "object_repr": "Sujan", "action_flag": 3, "change_message": ""}}, {"model": "admin.logentry", "pk": 57, "fields": {"action_time": "2025-05-09T06:37:05.541Z", "user": 1, "content_type": 16, "object_id": "27", "object_repr": "Sujan", "action_flag": 3, "change_message": ""}}, {"model": "admin.logentry", "pk": 58, "fields": {"action_time": "2025-05-09T06:37:05.541Z", "user": 1, "content_type": 16, "object_id": "26", "object_repr": "Sujan", "action_flag": 3, "change_message": ""}}, {"model": "admin.logentry", "pk": 59, "fields": {"action_time": "2025-05-09T06:37:05.541Z", "user": 1, "content_type": 16, "object_id": "25", "object_repr": "Sujan", "action_flag": 3, "change_message": ""}}, {"model": "admin.logentry", "pk": 60, "fields": {"action_time": "2025-05-09T06:37:05.541Z", "user": 1, "content_type": 16, "object_id": "24", "object_repr": "Sujan", "action_flag": 3, "change_message": ""}}, {"model": "admin.logentry", "pk": 61, "fields": {"action_time": "2025-05-09T06:37:05.541Z", "user": 1, "content_type": 16, "object_id": "23", "object_repr": "Sujan", "action_flag": 3, "change_message": ""}}, {"model": "admin.logentry", "pk": 62, "fields": {"action_time": "2025-05-09T06:37:05.541Z", "user": 1, "content_type": 16, "object_id": "22", "object_repr": "Sujan", "action_flag": 3, "change_message": ""}}, {"model": "admin.logentry", "pk": 63, "fields": {"action_time": "2025-05-09T06:37:05.541Z", "user": 1, "content_type": 16, "object_id": "21", "object_repr": "Sujan", "action_flag": 3, "change_message": ""}}, {"model": "admin.logentry", "pk": 64, "fields": {"action_time": "2025-05-09T06:37:05.541Z", "user": 1, "content_type": 16, "object_id": "20", "object_repr": "Sujan", "action_flag": 3, "change_message": ""}}, {"model": "admin.logentry", "pk": 65, "fields": {"action_time": "2025-05-09T06:37:13.569Z", "user": 1, "content_type": 16, "object_id": "18", "object_repr": "Sujan", "action_flag": 3, "change_message": ""}}, {"model": "admin.logentry", "pk": 66, "fields": {"action_time": "2025-05-09T06:37:13.569Z", "user": 1, "content_type": 16, "object_id": "17", "object_repr": "Sujan", "action_flag": 3, "change_message": ""}}, {"model": "admin.logentry", "pk": 67, "fields": {"action_time": "2025-05-09T06:37:13.569Z", "user": 1, "content_type": 16, "object_id": "14", "object_repr": "Sujan", "action_flag": 3, "change_message": ""}}, {"model": "admin.logentry", "pk": 68, "fields": {"action_time": "2025-05-09T06:37:13.569Z", "user": 1, "content_type": 16, "object_id": "13", "object_repr": "Sujan", "action_flag": 3, "change_message": ""}}, {"model": "admin.logentry", "pk": 69, "fields": {"action_time": "2025-05-09T06:37:13.569Z", "user": 1, "content_type": 16, "object_id": "12", "object_repr": "Sujan", "action_flag": 3, "change_message": ""}}, {"model": "admin.logentry", "pk": 70, "fields": {"action_time": "2025-05-09T06:37:13.569Z", "user": 1, "content_type": 16, "object_id": "11", "object_repr": "Sujan", "action_flag": 3, "change_message": ""}}, {"model": "admin.logentry", "pk": 71, "fields": {"action_time": "2025-05-09T06:37:13.569Z", "user": 1, "content_type": 16, "object_id": "10", "object_repr": "Sujan", "action_flag": 3, "change_message": ""}}, {"model": "admin.logentry", "pk": 72, "fields": {"action_time": "2025-05-09T06:37:13.569Z", "user": 1, "content_type": 16, "object_id": "9", "object_repr": "Sujan", "action_flag": 3, "change_message": ""}}, {"model": "admin.logentry", "pk": 73, "fields": {"action_time": "2025-05-09T06:37:13.569Z", "user": 1, "content_type": 16, "object_id": "8", "object_repr": "Sujan", "action_flag": 3, "change_message": ""}}, {"model": "admin.logentry", "pk": 74, "fields": {"action_time": "2025-05-09T06:37:13.569Z", "user": 1, "content_type": 16, "object_id": "7", "object_repr": "Sujan", "action_flag": 3, "change_message": ""}}, {"model": "admin.logentry", "pk": 75, "fields": {"action_time": "2025-05-09T06:37:13.569Z", "user": 1, "content_type": 16, "object_id": "6", "object_repr": "Sujan", "action_flag": 3, "change_message": ""}}, {"model": "admin.logentry", "pk": 76, "fields": {"action_time": "2025-05-09T06:37:13.570Z", "user": 1, "content_type": 16, "object_id": "5", "object_repr": "Sujan", "action_flag": 3, "change_message": ""}}, {"model": "admin.logentry", "pk": 77, "fields": {"action_time": "2025-05-10T02:22:45.122Z", "user": 1, "content_type": 16, "object_id": "60", "object_repr": "Sandip", "action_flag": 2, "change_message": "[{\"changed\": {\"fields\": [\"Status\"]}}]"}}, {"model": "admin.logentry", "pk": 78, "fields": {"action_time": "2025-05-10T02:24:26.138Z", "user": 1, "content_type": 16, "object_id": "57", "object_repr": "Sujan", "action_flag": 3, "change_message": ""}}, {"model": "admin.logentry", "pk": 79, "fields": {"action_time": "2025-05-10T02:24:26.138Z", "user": 1, "content_type": 16, "object_id": "56", "object_repr": "Sujan", "action_flag": 3, "change_message": ""}}, {"model": "admin.logentry", "pk": 80, "fields": {"action_time": "2025-05-10T02:24:26.138Z", "user": 1, "content_type": 16, "object_id": "55", "object_repr": "Sujan", "action_flag": 3, "change_message": ""}}, {"model": "admin.logentry", "pk": 81, "fields": {"action_time": "2025-05-10T02:24:26.138Z", "user": 1, "content_type": 16, "object_id": "54", "object_repr": "Sujan", "action_flag": 3, "change_message": ""}}, {"model": "admin.logentry", "pk": 82, "fields": {"action_time": "2025-05-10T02:24:26.138Z", "user": 1, "content_type": 16, "object_id": "52", "object_repr": "Sujan", "action_flag": 3, "change_message": ""}}, {"model": "admin.logentry", "pk": 83, "fields": {"action_time": "2025-05-10T02:24:26.138Z", "user": 1, "content_type": 16, "object_id": "50", "object_repr": "Sujan", "action_flag": 3, "change_message": ""}}, {"model": "admin.logentry", "pk": 84, "fields": {"action_time": "2025-05-10T02:24:26.138Z", "user": 1, "content_type": 16, "object_id": "48", "object_repr": "Sujan", "action_flag": 3, "change_message": ""}}, {"model": "admin.logentry", "pk": 85, "fields": {"action_time": "2025-05-10T02:24:26.138Z", "user": 1, "content_type": 16, "object_id": "47", "object_repr": "Sujan", "action_flag": 3, "change_message": ""}}, {"model": "admin.logentry", "pk": 86, "fields": {"action_time": "2025-05-10T02:26:18.205Z", "user": 1, "content_type": 20, "object_id": "6", "object_repr": "Healing Bowl", "action_flag": 3, "change_message": ""}}, {"model": "admin.logentry", "pk": 87, "fields": {"action_time": "2025-05-10T13:45:04.295Z", "user": 1, "content_type": 6, "object_id": "5", "object_repr": "sujandotel181@gmail.com", "action_flag": 3, "change_message": ""}}, {"model": "admin.logentry", "pk": 88, "fields": {"action_time": "2025-05-10T14:03:31.391Z", "user": 1, "content_type": 6, "object_id": "9", "object_repr": "sujandotel181@gmail.com", "action_flag": 3, "change_message": ""}}, {"model": "admin.logentry", "pk": 89, "fields": {"action_time": "2025-05-10T14:08:03.861Z", "user": 1, "content_type": 6, "object_id": "10", "object_repr": "sujandotel181@gmail.com", "action_flag": 3, "change_message": ""}}, {"model": "admin.logentry", "pk": 90, "fields": {"action_time": "2025-05-10T14:26:59.328Z", "user": 1, "content_type": 14, "object_id": "1", "object_repr": "left_banner", "action_flag": 2, "change_message": "[{\"changed\": {\"fields\": [\"Image\"]}}]"}}, {"model": "admin.logentry", "pk": 91, "fields": {"action_time": "2025-05-10T14:30:44.508Z", "user": 1, "content_type": 14, "object_id": "1", "object_repr": "left_banner", "action_flag": 2, "change_message": "[{\"changed\": {\"fields\": [\"Image\"]}}]"}}, {"model": "admin.logentry", "pk": 92, "fields": {"action_time": "2025-05-10T14:31:24.081Z", "user": 1, "content_type": 15, "object_id": "1", "object_repr": "right_banner", "action_flag": 2, "change_message": "[{\"changed\": {\"fields\": [\"Image\"]}}]"}}, {"model": "admin.logentry", "pk": 93, "fields": {"action_time": "2025-05-12T06:41:46.450Z", "user": 1, "content_type": 9, "object_id": "13", "object_repr": "Gauley Madal", "action_flag": 2, "change_message": "[{\"changed\": {\"fields\": [\"Description\"]}}]"}}, {"model": "admin.logentry", "pk": 94, "fields": {"action_time": "2025-05-12T06:55:17.418Z", "user": 1, "content_type": 9, "object_id": "1", "object_repr": "Healing Bowl", "action_flag": 2, "change_message": "[{\"changed\": {\"fields\": [\"Sub description\"]}}]"}}, {"model": "admin.logentry", "pk": 95, "fields": {"action_time": "2025-05-12T06:56:07.665Z", "user": 1, "content_type": 9, "object_id": "1", "object_repr": "Healing Bowl", "action_flag": 2, "change_message": "[{\"changed\": {\"fields\": [\"Stock\"]}}]"}}, {"model": "admin.logentry", "pk": 96, "fields": {"action_time": "2025-05-12T09:12:39.186Z", "user": 1, "content_type": 9, "object_id": "1", "object_repr": "Healing Bowl", "action_flag": 2, "change_message": "[{\"changed\": {\"fields\": [\"Sub description\"]}}]"}}, {"model": "admin.logentry", "pk": 97, "fields": {"action_time": "2025-05-12T14:26:20.288Z", "user": 1, "content_type": 21, "object_id": "1", "object_repr": "Singing Bowls", "action_flag": 1, "change_message": "[{\"added\": {}}]"}}, {"model": "admin.logentry", "pk": 98, "fields": {"action_time": "2025-05-12T14:26:31.488Z", "user": 1, "content_type": 21, "object_id": "2", "object_repr": "Gongs", "action_flag": 1, "change_message": "[{\"added\": {}}]"}}, {"model": "admin.logentry", "pk": 99, "fields": {"action_time": "2025-05-12T14:26:41.613Z", "user": 1, "content_type": 21, "object_id": "3", "object_repr": "Statues", "action_flag": 1, "change_message": "[{\"added\": {}}]"}}, {"model": "admin.logentry", "pk": 100, "fields": {"action_time": "2025-05-12T14:26:56.248Z", "user": 1, "content_type": 21, "object_id": "4", "object_repr": "Ritual Figures", "action_flag": 1, "change_message": "[{\"added\": {}}]"}}, {"model": "admin.logentry", "pk": 101, "fields": {"action_time": "2025-05-12T14:27:04.926Z", "user": 1, "content_type": 21, "object_id": "5", "object_repr": "Nepali Antique Items", "action_flag": 1, "change_message": "[{\"added\": {}}]"}}, {"model": "admin.logentry", "pk": 102, "fields": {"action_time": "2025-05-12T14:29:02.748Z", "user": 1, "content_type": 22, "object_id": "1", "object_repr": "Tibetan Bowls", "action_flag": 1, "change_message": "[{\"added\": {}}]"}}, {"model": "admin.logentry", "pk": 103, "fields": {"action_time": "2025-05-12T14:30:58.263Z", "user": 1, "content_type": 22, "object_id": "2", "object_repr": "Crystal Bowls", "action_flag": 1, "change_message": "[{\"added\": {}}]"}}, {"model": "admin.logentry", "pk": 104, "fields": {"action_time": "2025-05-12T14:31:17.897Z", "user": 1, "content_type": 22, "object_id": "3", "object_repr": "Hand-Hammered Bowls", "action_flag": 1, "change_message": "[{\"added\": {}}]"}}, {"model": "admin.logentry", "pk": 105, "fields": {"action_time": "2025-05-12T14:31:51.967Z", "user": 1, "content_type": 22, "object_id": "4", "object_repr": "Chau Gongs", "action_flag": 1, "change_message": "[{\"added\": {}}]"}}, {"model": "admin.logentry", "pk": 106, "fields": {"action_time": "2025-05-12T14:32:05.165Z", "user": 1, "content_type": 22, "object_id": "5", "object_repr": "Wind Gongs", "action_flag": 1, "change_message": "[{\"added\": {}}]"}}, {"model": "admin.logentry", "pk": 107, "fields": {"action_time": "2025-05-12T14:32:19.904Z", "user": 1, "content_type": 22, "object_id": "6", "object_repr": "Decorative Gongs", "action_flag": 1, "change_message": "[{\"added\": {}}]"}}, {"model": "admin.logentry", "pk": 108, "fields": {"action_time": "2025-05-12T14:32:35.177Z", "user": 1, "content_type": 22, "object_id": "7", "object_repr": "Buddha Statues", "action_flag": 1, "change_message": "[{\"added\": {}}]"}}, {"model": "admin.logentry", "pk": 109, "fields": {"action_time": "2025-05-12T14:32:48.446Z", "user": 1, "content_type": 22, "object_id": "8", "object_repr": "Hindu Deities", "action_flag": 1, "change_message": "[{\"added\": {}}]"}}, {"model": "admin.logentry", "pk": 110, "fields": {"action_time": "2025-05-12T14:33:02.623Z", "user": 1, "content_type": 22, "object_id": "9", "object_repr": "Miniature Statues", "action_flag": 1, "change_message": "[{\"added\": {}}]"}}, {"model": "admin.logentry", "pk": 111, "fields": {"action_time": "2025-05-12T14:33:22.014Z", "user": 1, "content_type": 22, "object_id": "10", "object_repr": "Dorje", "action_flag": 1, "change_message": "[{\"added\": {}}]"}}, {"model": "admin.logentry", "pk": 112, "fields": {"action_time": "2025-05-12T14:33:33.704Z", "user": 1, "content_type": 22, "object_id": "11", "object_repr": "Bell", "action_flag": 1, "change_message": "[{\"added\": {}}]"}}, {"model": "admin.logentry", "pk": 113, "fields": {"action_time": "2025-05-12T14:33:46.270Z", "user": 1, "content_type": 22, "object_id": "12", "object_repr": "Damaru", "action_flag": 1, "change_message": "[{\"added\": {}}]"}}, {"model": "admin.logentry", "pk": 114, "fields": {"action_time": "2025-05-12T14:34:08.656Z", "user": 1, "content_type": 22, "object_id": "13", "object_repr": "Old Coins", "action_flag": 1, "change_message": "[{\"added\": {}}]"}}, {"model": "admin.logentry", "pk": 115, "fields": {"action_time": "2025-05-12T14:34:20.040Z", "user": 1, "content_type": 22, "object_id": "14", "object_repr": "Traditional Utensils", "action_flag": 1, "change_message": "[{\"added\": {}}]"}}, {"model": "admin.logentry", "pk": 116, "fields": {"action_time": "2025-05-12T14:34:38.183Z", "user": 1, "content_type": 22, "object_id": "15", "object_repr": "Antique Jewelry", "action_flag": 1, "change_message": "[{\"added\": {}}]"}}, {"model": "admin.logentry", "pk": 117, "fields": {"action_time": "2025-05-12T14:34:55.120Z", "user": 1, "content_type": 21, "object_id": "1", "object_repr": "Singing Bowls", "action_flag": 2, "change_message": "[]"}}, {"model": "admin.logentry", "pk": 118, "fields": {"action_time": "2025-05-12T15:01:08.127Z", "user": 1, "content_type": 22, "object_id": "16", "object_repr": "this is new", "action_flag": 1, "change_message": "[{\"added\": {}}]"}}, {"model": "admin.logentry", "pk": 119, "fields": {"action_time": "2025-05-12T15:09:32.147Z", "user": 1, "content_type": 9, "object_id": "1", "object_repr": "Healing Bowl", "action_flag": 2, "change_message": "[{\"changed\": {\"fields\": [\"Sub category\"]}}]"}}, {"model": "admin.logentry", "pk": 120, "fields": {"action_time": "2025-05-12T15:15:51.170Z", "user": 1, "content_type": 9, "object_id": "1", "object_repr": "Healing Bowl", "action_flag": 2, "change_message": "[]"}}, {"model": "admin.logentry", "pk": 121, "fields": {"action_time": "2025-05-12T15:50:21.676Z", "user": 1, "content_type": 9, "object_id": "14", "object_repr": "SandalWood Mala", "action_flag": 2, "change_message": "[{\"changed\": {\"fields\": [\"Sub category\"]}}]"}}, {"model": "admin.logentry", "pk": 122, "fields": {"action_time": "2025-05-12T15:50:29.967Z", "user": 1, "content_type": 9, "object_id": "13", "object_repr": "Gauley Madal", "action_flag": 2, "change_message": "[{\"changed\": {\"fields\": [\"Sub category\"]}}]"}}, {"model": "admin.logentry", "pk": 123, "fields": {"action_time": "2025-05-12T15:50:38.118Z", "user": 1, "content_type": 9, "object_id": "12", "object_repr": "Therapy Bowl", "action_flag": 2, "change_message": "[{\"changed\": {\"fields\": [\"Sub category\"]}}]"}}, {"model": "admin.logentry", "pk": 124, "fields": {"action_time": "2025-05-12T15:50:58.703Z", "user": 1, "content_type": 9, "object_id": "11", "object_repr": "Root Chakra", "action_flag": 2, "change_message": "[{\"changed\": {\"fields\": [\"Sub category\"]}}]"}}, {"model": "admin.logentry", "pk": 125, "fields": {"action_time": "2025-05-12T15:51:07.674Z", "user": 1, "content_type": 9, "object_id": "10", "object_repr": "Yoga Bowl", "action_flag": 2, "change_message": "[{\"changed\": {\"fields\": [\"Sub category\"]}}]"}}, {"model": "admin.logentry", "pk": 126, "fields": {"action_time": "2025-05-12T15:51:20.739Z", "user": 1, "content_type": 9, "object_id": "9", "object_repr": "Full Moon Singing Bowl", "action_flag": 2, "change_message": "[{\"changed\": {\"fields\": [\"Sub category\"]}}]"}}, {"model": "admin.logentry", "pk": 127, "fields": {"action_time": "2025-05-12T15:51:33.582Z", "user": 1, "content_type": 9, "object_id": "7", "object_repr": "Sound Note", "action_flag": 2, "change_message": "[{\"changed\": {\"fields\": [\"Sub category\"]}}]"}}, {"model": "admin.logentry", "pk": 128, "fields": {"action_time": "2025-05-12T15:52:07.013Z", "user": 1, "content_type": 9, "object_id": "8", "object_repr": "Antique Rudrakshya", "action_flag": 2, "change_message": "[{\"changed\": {\"fields\": [\"Sub category\"]}}]"}}, {"model": "admin.logentry", "pk": 129, "fields": {"action_time": "2025-05-12T15:52:15.512Z", "user": 1, "content_type": 9, "object_id": "4", "object_repr": "Singing Bowl", "action_flag": 2, "change_message": "[{\"changed\": {\"fields\": [\"Sub category\"]}}]"}}, {"model": "admin.logentry", "pk": 130, "fields": {"action_time": "2025-05-12T15:52:21.565Z", "user": 1, "content_type": 9, "object_id": "3", "object_repr": "7 Chakra Healing Tunned Singing Bowl", "action_flag": 2, "change_message": "[{\"changed\": {\"fields\": [\"Sub category\"]}}]"}}, {"model": "admin.logentry", "pk": 131, "fields": {"action_time": "2025-05-12T15:52:29.709Z", "user": 1, "content_type": 9, "object_id": "2", "object_repr": "Antique Bowl", "action_flag": 2, "change_message": "[{\"changed\": {\"fields\": [\"Sub category\"]}}]"}}, {"model": "admin.logentry", "pk": 132, "fields": {"action_time": "2025-05-12T15:54:39.484Z", "user": 1, "content_type": 22, "object_id": "16", "object_repr": "this is new", "action_flag": 3, "change_message": ""}}, {"model": "admin.logentry", "pk": 133, "fields": {"action_time": "2025-05-12T15:57:43.299Z", "user": 1, "content_type": 9, "object_id": "15", "object_repr": "Damaru", "action_flag": 1, "change_message": "[{\"added\": {}}]"}}, {"model": "admin.logentry", "pk": 134, "fields": {"action_time": "2025-05-12T15:58:20.621Z", "user": 1, "content_type": 9, "object_id": "10", "object_repr": "Yoga Bowl", "action_flag": 2, "change_message": "[{\"changed\": {\"fields\": [\"Sub category\"]}}]"}}, {"model": "admin.logentry", "pk": 135, "fields": {"action_time": "2025-05-12T15:58:30.687Z", "user": 1, "content_type": 9, "object_id": "7", "object_repr": "Sound Note", "action_flag": 2, "change_message": "[{\"changed\": {\"fields\": [\"Sub category\"]}}]"}}, {"model": "admin.logentry", "pk": 136, "fields": {"action_time": "2025-05-12T15:58:43.238Z", "user": 1, "content_type": 9, "object_id": "1", "object_repr": "Healing Bowl", "action_flag": 2, "change_message": "[{\"changed\": {\"fields\": [\"Sub category\"]}}]"}}, {"model": "admin.logentry", "pk": 137, "fields": {"action_time": "2025-05-12T15:58:59.534Z", "user": 1, "content_type": 9, "object_id": "2", "object_repr": "Antique Bowl", "action_flag": 2, "change_message": "[{\"changed\": {\"fields\": [\"Sub category\"]}}]"}}, {"model": "admin.logentry", "pk": 138, "fields": {"action_time": "2025-05-12T15:59:05.632Z", "user": 1, "content_type": 9, "object_id": "3", "object_repr": "7 Chakra Healing Tunned Singing Bowl", "action_flag": 2, "change_message": "[{\"changed\": {\"fields\": [\"Sub category\"]}}]"}}, {"model": "admin.logentry", "pk": 139, "fields": {"action_time": "2025-05-12T15:59:15.803Z", "user": 1, "content_type": 9, "object_id": "4", "object_repr": "Singing Bowl", "action_flag": 2, "change_message": "[{\"changed\": {\"fields\": [\"Sub category\"]}}]"}}, {"model": "admin.logentry", "pk": 140, "fields": {"action_time": "2025-05-12T16:01:37.091Z", "user": 1, "content_type": 9, "object_id": "12", "object_repr": "Therapy Bowl", "action_flag": 2, "change_message": "[{\"changed\": {\"fields\": [\"Sub category\"]}}]"}}, {"model": "admin.logentry", "pk": 141, "fields": {"action_time": "2025-05-12T16:01:49.954Z", "user": 1, "content_type": 9, "object_id": "11", "object_repr": "Root Chakra", "action_flag": 2, "change_message": "[{\"changed\": {\"fields\": [\"Sub category\"]}}]"}}, {"model": "admin.logentry", "pk": 142, "fields": {"action_time": "2025-05-12T16:02:26.316Z", "user": 1, "content_type": 9, "object_id": "11", "object_repr": "Root Chakra", "action_flag": 2, "change_message": "[{\"changed\": {\"fields\": [\"Sub category\"]}}]"}}, {"model": "admin.logentry", "pk": 143, "fields": {"action_time": "2025-05-12T16:02:35.014Z", "user": 1, "content_type": 9, "object_id": "11", "object_repr": "Root Chakra", "action_flag": 2, "change_message": "[{\"changed\": {\"fields\": [\"Sub category\"]}}]"}}, {"model": "admin.logentry", "pk": 144, "fields": {"action_time": "2025-05-12T16:03:19.854Z", "user": 1, "content_type": 9, "object_id": "11", "object_repr": "Root Chakra", "action_flag": 2, "change_message": "[{\"changed\": {\"fields\": [\"Sub category\"]}}]"}}, {"model": "admin.logentry", "pk": 145, "fields": {"action_time": "2025-05-12T16:03:46.919Z", "user": 1, "content_type": 9, "object_id": "10", "object_repr": "Yoga Bowl", "action_flag": 2, "change_message": "[{\"changed\": {\"fields\": [\"Sub category\"]}}]"}}, {"model": "admin.logentry", "pk": 146, "fields": {"action_time": "2025-05-12T16:04:05.112Z", "user": 1, "content_type": 9, "object_id": "9", "object_repr": "Full Moon Singing Bowl", "action_flag": 2, "change_message": "[{\"changed\": {\"fields\": [\"Sub category\"]}}]"}}, {"model": "admin.logentry", "pk": 147, "fields": {"action_time": "2025-05-12T16:04:35.785Z", "user": 1, "content_type": 9, "object_id": "8", "object_repr": "Antique Rudrakshya", "action_flag": 2, "change_message": "[{\"changed\": {\"fields\": [\"Sub category\"]}}]"}}, {"model": "admin.logentry", "pk": 148, "fields": {"action_time": "2025-05-12T16:04:52.228Z", "user": 1, "content_type": 9, "object_id": "7", "object_repr": "Sound Note", "action_flag": 2, "change_message": "[{\"changed\": {\"fields\": [\"Sub category\"]}}]"}}, {"model": "admin.logentry", "pk": 149, "fields": {"action_time": "2025-05-12T16:05:03.890Z", "user": 1, "content_type": 9, "object_id": "6", "object_repr": "Black Bowl", "action_flag": 2, "change_message": "[{\"changed\": {\"fields\": [\"Sub category\"]}}]"}}, {"model": "admin.logentry", "pk": 150, "fields": {"action_time": "2025-05-12T16:05:44.769Z", "user": 1, "content_type": 9, "object_id": "5", "object_repr": "Rudrakshya", "action_flag": 2, "change_message": "[{\"changed\": {\"fields\": [\"Sub category\"]}}]"}}, {"model": "admin.logentry", "pk": 151, "fields": {"action_time": "2025-05-12T16:06:00.563Z", "user": 1, "content_type": 9, "object_id": "4", "object_repr": "Singing Bowl", "action_flag": 2, "change_message": "[{\"changed\": {\"fields\": [\"Sub category\"]}}]"}}, {"model": "admin.logentry", "pk": 152, "fields": {"action_time": "2025-05-12T16:06:09.549Z", "user": 1, "content_type": 9, "object_id": "3", "object_repr": "7 Chakra Healing Tunned Singing Bowl", "action_flag": 2, "change_message": "[{\"changed\": {\"fields\": [\"Sub category\"]}}]"}}, {"model": "admin.logentry", "pk": 153, "fields": {"action_time": "2025-05-12T16:06:17.211Z", "user": 1, "content_type": 9, "object_id": "2", "object_repr": "Antique Bowl", "action_flag": 2, "change_message": "[{\"changed\": {\"fields\": [\"Sub category\"]}}]"}}, {"model": "admin.logentry", "pk": 154, "fields": {"action_time": "2025-05-12T16:06:27.209Z", "user": 1, "content_type": 9, "object_id": "1", "object_repr": "Healing Bowl", "action_flag": 2, "change_message": "[{\"changed\": {\"fields\": [\"Sub category\"]}}]"}}, {"model": "admin.logentry", "pk": 155, "fields": {"action_time": "2025-05-12T16:25:50.707Z", "user": 1, "content_type": 8, "object_id": "1", "object_repr": "first", "action_flag": 2, "change_message": "[{\"changed\": {\"fields\": [\"Description\", \"Slug\"]}}]"}}, {"model": "admin.logentry", "pk": 156, "fields": {"action_time": "2025-05-12T16:25:58.329Z", "user": 1, "content_type": 8, "object_id": "2", "object_repr": "second", "action_flag": 2, "change_message": "[{\"changed\": {\"fields\": [\"Description\", \"Slug\"]}}]"}}, {"model": "admin.logentry", "pk": 157, "fields": {"action_time": "2025-05-12T16:26:05.204Z", "user": 1, "content_type": 8, "object_id": "3", "object_repr": "third", "action_flag": 2, "change_message": "[{\"changed\": {\"fields\": [\"Description\", \"Slug\"]}}]"}}, {"model": "admin.logentry", "pk": 158, "fields": {"action_time": "2025-05-12T16:26:12.537Z", "user": 1, "content_type": 8, "object_id": "4", "object_repr": "fourth", "action_flag": 2, "change_message": "[{\"changed\": {\"fields\": [\"Description\", \"Slug\"]}}]"}}, {"model": "admin.logentry", "pk": 159, "fields": {"action_time": "2025-05-13T07:42:06.781Z", "user": 1, "content_type": 19, "object_id": "4", "object_repr": "Message from Sujan Dotel - TEST", "action_flag": 2, "change_message": "[{\"changed\": {\"fields\": [\"Is read\"]}}]"}}, {"model": "admin.logentry", "pk": 160, "fields": {"action_time": "2025-05-13T10:23:01.439Z", "user": 1, "content_type": 9, "object_id": "1", "object_repr": "Healing Bowl", "action_flag": 2, "change_message": "[{\"changed\": {\"fields\": [\"Sub description\"]}}]"}}, {"model": "admin.logentry", "pk": 161, "fields": {"action_time": "2025-05-13T10:25:39.907Z", "user": 1, "content_type": 9, "object_id": "1", "object_repr": "Healing Bowl", "action_flag": 2, "change_message": "[{\"changed\": {\"fields\": [\"Sub description\"]}}]"}}, {"model": "admin.logentry", "pk": 162, "fields": {"action_time": "2025-05-13T11:11:45.773Z", "user": 1, "content_type": 9, "object_id": "1", "object_repr": "Healing Bowl", "action_flag": 2, "change_message": "[{\"changed\": {\"fields\": [\"Sub description\"]}}]"}}, {"model": "admin.logentry", "pk": 163, "fields": {"action_time": "2025-05-13T11:16:45.746Z", "user": 1, "content_type": 10, "object_id": "5", "object_repr": "large", "action_flag": 2, "change_message": "[{\"changed\": {\"fields\": [\"Sub description\"]}}]"}}, {"model": "admin.logentry", "pk": 164, "fields": {"action_time": "2025-05-13T11:17:08.005Z", "user": 1, "content_type": 10, "object_id": "4", "object_repr": "medium", "action_flag": 2, "change_message": "[{\"changed\": {\"fields\": [\"Sub description\"]}}]"}}, {"model": "admin.logentry", "pk": 165, "fields": {"action_time": "2025-05-13T16:45:54.735Z", "user": 1, "content_type": 9, "object_id": "16", "object_repr": "cjrvjnj", "action_flag": 1, "change_message": "[{\"added\": {}}]"}}, {"model": "admin.logentry", "pk": 166, "fields": {"action_time": "2025-05-14T05:01:46.233Z", "user": 1, "content_type": 9, "object_id": "1", "object_repr": "Healing Bowl", "action_flag": 2, "change_message": "[{\"changed\": {\"fields\": [\"Category\", \"Sub category\"]}}]"}}, {"model": "admin.logentry", "pk": 167, "fields": {"action_time": "2025-05-14T05:01:54.174Z", "user": 1, "content_type": 9, "object_id": "2", "object_repr": "Antique Bowl", "action_flag": 2, "change_message": "[{\"changed\": {\"fields\": [\"Category\", \"Sub category\"]}}]"}}, {"model": "admin.logentry", "pk": 168, "fields": {"action_time": "2025-05-14T05:02:00.604Z", "user": 1, "content_type": 9, "object_id": "3", "object_repr": "7 Chakra Healing Tunned Singing Bowl", "action_flag": 2, "change_message": "[{\"changed\": {\"fields\": [\"Category\", \"Sub category\"]}}]"}}, {"model": "admin.logentry", "pk": 169, "fields": {"action_time": "2025-05-14T05:02:06.746Z", "user": 1, "content_type": 9, "object_id": "4", "object_repr": "Singing Bowl", "action_flag": 2, "change_message": "[{\"changed\": {\"fields\": [\"Category\", \"Sub category\"]}}]"}}, {"model": "admin.logentry", "pk": 170, "fields": {"action_time": "2025-05-14T05:02:14.624Z", "user": 1, "content_type": 9, "object_id": "5", "object_repr": "Rudrakshya", "action_flag": 2, "change_message": "[{\"changed\": {\"fields\": [\"Category\", \"Sub category\"]}}]"}}, {"model": "admin.logentry", "pk": 171, "fields": {"action_time": "2025-05-14T05:02:22.523Z", "user": 1, "content_type": 9, "object_id": "6", "object_repr": "Black Bowl", "action_flag": 2, "change_message": "[{\"changed\": {\"fields\": [\"Category\", \"Sub category\"]}}]"}}, {"model": "admin.logentry", "pk": 172, "fields": {"action_time": "2025-05-14T05:02:30.529Z", "user": 1, "content_type": 9, "object_id": "7", "object_repr": "Sound Note", "action_flag": 2, "change_message": "[{\"changed\": {\"fields\": [\"Category\", \"Sub category\"]}}]"}}, {"model": "admin.logentry", "pk": 173, "fields": {"action_time": "2025-05-14T05:02:39.473Z", "user": 1, "content_type": 9, "object_id": "8", "object_repr": "Antique Rudrakshya", "action_flag": 2, "change_message": "[{\"changed\": {\"fields\": [\"Category\", \"Sub category\"]}}]"}}, {"model": "admin.logentry", "pk": 174, "fields": {"action_time": "2025-05-14T05:02:48.302Z", "user": 1, "content_type": 9, "object_id": "9", "object_repr": "Full Moon Singing Bowl", "action_flag": 2, "change_message": "[{\"changed\": {\"fields\": [\"Category\", \"Sub category\"]}}]"}}, {"model": "admin.logentry", "pk": 175, "fields": {"action_time": "2025-05-14T05:02:56.223Z", "user": 1, "content_type": 9, "object_id": "10", "object_repr": "Yoga Bowl", "action_flag": 2, "change_message": "[{\"changed\": {\"fields\": [\"Category\", \"Sub category\"]}}]"}}, {"model": "admin.logentry", "pk": 176, "fields": {"action_time": "2025-05-14T05:03:04.624Z", "user": 1, "content_type": 9, "object_id": "11", "object_repr": "Root Chakra", "action_flag": 2, "change_message": "[{\"changed\": {\"fields\": [\"Category\", \"Sub category\"]}}]"}}, {"model": "admin.logentry", "pk": 177, "fields": {"action_time": "2025-05-14T05:03:10.804Z", "user": 1, "content_type": 9, "object_id": "12", "object_repr": "Therapy Bowl", "action_flag": 2, "change_message": "[{\"changed\": {\"fields\": [\"Category\", \"Sub category\"]}}]"}}, {"model": "admin.logentry", "pk": 178, "fields": {"action_time": "2025-05-14T05:03:18.823Z", "user": 1, "content_type": 9, "object_id": "13", "object_repr": "Gauley Madal", "action_flag": 2, "change_message": "[{\"changed\": {\"fields\": [\"Category\", \"Sub category\"]}}]"}}, {"model": "admin.logentry", "pk": 179, "fields": {"action_time": "2025-05-14T05:03:35.366Z", "user": 1, "content_type": 9, "object_id": "14", "object_repr": "SandalWood Mala", "action_flag": 2, "change_message": "[{\"changed\": {\"fields\": [\"Category\", \"Sub category\"]}}]"}}, {"model": "admin.logentry", "pk": 180, "fields": {"action_time": "2025-05-14T05:03:41.792Z", "user": 1, "content_type": 9, "object_id": "15", "object_repr": "Damaru", "action_flag": 2, "change_message": "[{\"changed\": {\"fields\": [\"Category\", \"Sub category\"]}}]"}}, {"model": "admin.logentry", "pk": 181, "fields": {"action_time": "2025-05-14T05:03:48.895Z", "user": 1, "content_type": 9, "object_id": "16", "object_repr": "cjrvjnj", "action_flag": 2, "change_message": "[{\"changed\": {\"fields\": [\"Sub category\"]}}]"}}, {"model": "admin.logentry", "pk": 182, "fields": {"action_time": "2025-05-14T05:04:18.466Z", "user": 1, "content_type": 21, "object_id": "5", "object_repr": "Nepali Antique Items", "action_flag": 3, "change_message": ""}}, {"model": "admin.logentry", "pk": 183, "fields": {"action_time": "2025-05-14T05:04:18.466Z", "user": 1, "content_type": 21, "object_id": "4", "object_repr": "Ritual Figures", "action_flag": 3, "change_message": ""}}, {"model": "admin.logentry", "pk": 184, "fields": {"action_time": "2025-05-14T05:04:18.466Z", "user": 1, "content_type": 21, "object_id": "3", "object_repr": "Statues", "action_flag": 3, "change_message": ""}}, {"model": "admin.logentry", "pk": 185, "fields": {"action_time": "2025-05-14T05:04:18.466Z", "user": 1, "content_type": 21, "object_id": "2", "object_repr": "Gongs", "action_flag": 3, "change_message": ""}}, {"model": "admin.logentry", "pk": 186, "fields": {"action_time": "2025-05-14T05:04:18.466Z", "user": 1, "content_type": 21, "object_id": "1", "object_repr": "Singing Bowls", "action_flag": 3, "change_message": ""}}, {"model": "admin.logentry", "pk": 187, "fields": {"action_time": "2025-05-14T05:04:44.043Z", "user": 1, "content_type": 21, "object_id": "6", "object_repr": "Himalayan Singing Bowls", "action_flag": 1, "change_message": "[{\"added\": {}}]"}}, {"model": "admin.logentry", "pk": 188, "fields": {"action_time": "2025-05-14T05:04:54.059Z", "user": 1, "content_type": 21, "object_id": "7", "object_repr": "Gongs", "action_flag": 1, "change_message": "[{\"added\": {}}]"}}, {"model": "admin.logentry", "pk": 189, "fields": {"action_time": "2025-05-14T05:05:09.009Z", "user": 1, "content_type": 21, "object_id": "8", "object_repr": "Spiritual Sound & Therapy Products", "action_flag": 1, "change_message": "[{\"added\": {}}]"}}, {"model": "admin.logentry", "pk": 190, "fields": {"action_time": "2025-05-14T05:05:19.358Z", "user": 1, "content_type": 21, "object_id": "9", "object_repr": "Sacred Art & Symbols", "action_flag": 1, "change_message": "[{\"added\": {}}]"}}, {"model": "admin.logentry", "pk": 191, "fields": {"action_time": "2025-05-14T05:05:33.194Z", "user": 1, "content_type": 21, "object_id": "10", "object_repr": "Ritual Product", "action_flag": 1, "change_message": "[{\"added\": {}}]"}}, {"model": "admin.logentry", "pk": 192, "fields": {"action_time": "2025-05-14T05:05:44.816Z", "user": 1, "content_type": 21, "object_id": "11", "object_repr": "Traditional Nepali Craft", "action_flag": 1, "change_message": "[{\"added\": {}}]"}}, {"model": "admin.logentry", "pk": 193, "fields": {"action_time": "2025-05-14T05:05:57.870Z", "user": 1, "content_type": 21, "object_id": "12", "object_repr": "Accessories", "action_flag": 1, "change_message": "[{\"added\": {}}]"}}, {"model": "admin.logentry", "pk": 194, "fields": {"action_time": "2025-05-14T05:06:49.777Z", "user": 1, "content_type": 22, "object_id": "17", "object_repr": "Chakra/Healing Note Bowls", "action_flag": 1, "change_message": "[{\"added\": {}}]"}}, {"model": "admin.logentry", "pk": 195, "fields": {"action_time": "2025-05-14T05:07:02.122Z", "user": 1, "content_type": 22, "object_id": "18", "object_repr": "Planetary Tuned Bowls", "action_flag": 1, "change_message": "[{\"added\": {}}]"}}, {"model": "admin.logentry", "pk": 196, "fields": {"action_time": "2025-05-14T05:08:23.743Z", "user": 1, "content_type": 22, "object_id": "19", "object_repr": "Chakra/Healing Singing Bowl Sets", "action_flag": 1, "change_message": "[{\"added\": {}}]"}}, {"model": "admin.logentry", "pk": 197, "fields": {"action_time": "2025-05-14T05:08:34.458Z", "user": 1, "content_type": 22, "object_id": "20", "object_repr": "Full Moon Singing Bowls", "action_flag": 1, "change_message": "[{\"added\": {}}]"}}, {"model": "admin.logentry", "pk": 198, "fields": {"action_time": "2025-05-14T05:08:47.277Z", "user": 1, "content_type": 22, "object_id": "21", "object_repr": "Carved Singing Bowls", "action_flag": 1, "change_message": "[{\"added\": {}}]"}}, {"model": "admin.logentry", "pk": 199, "fields": {"action_time": "2025-05-14T05:08:56.788Z", "user": 1, "content_type": 22, "object_id": "22", "object_repr": "Antique Singing Bowls", "action_flag": 1, "change_message": "[{\"added\": {}}]"}}, {"model": "admin.logentry", "pk": 200, "fields": {"action_time": "2025-05-14T05:09:18.085Z", "user": 1, "content_type": 22, "object_id": "23", "object_repr": "Machine Made/Gulfa Bowls", "action_flag": 1, "change_message": "[{\"added\": {}}]"}}, {"model": "admin.logentry", "pk": 201, "fields": {"action_time": "2025-05-14T05:09:47.726Z", "user": 1, "content_type": 22, "object_id": "24", "object_repr": "Tam-Tam Gong (Plain/Carved)", "action_flag": 1, "change_message": "[{\"added\": {}}]"}}, {"model": "admin.logentry", "pk": 202, "fields": {"action_time": "2025-05-14T05:09:58.321Z", "user": 1, "content_type": 22, "object_id": "25", "object_repr": "Wind/Flat Gongs (Plain/Carved)", "action_flag": 1, "change_message": "[{\"added\": {}}]"}}, {"model": "admin.logentry", "pk": 203, "fields": {"action_time": "2025-05-14T05:10:07.525Z", "user": 1, "content_type": 22, "object_id": "26", "object_repr": "Nipple Gongs (Plain/Carved)", "action_flag": 1, "change_message": "[{\"added\": {}}]"}}, {"model": "admin.logentry", "pk": 204, "fields": {"action_time": "2025-05-14T05:10:19.146Z", "user": 1, "content_type": 22, "object_id": "27", "object_repr": "Mirror Gongs", "action_flag": 1, "change_message": "[{\"added\": {}}]"}}, {"model": "admin.logentry", "pk": 205, "fields": {"action_time": "2025-05-14T05:10:31.857Z", "user": 1, "content_type": 22, "object_id": "28", "object_repr": "Geometric Gongs (Plain/Carved)", "action_flag": 1, "change_message": "[{\"added\": {}}]"}}, {"model": "admin.logentry", "pk": 206, "fields": {"action_time": "2025-05-14T05:10:46.658Z", "user": 1, "content_type": 22, "object_id": "29", "object_repr": "Bells", "action_flag": 1, "change_message": "[{\"added\": {}}]"}}, {"model": "admin.logentry", "pk": 207, "fields": {"action_time": "2025-05-14T05:10:55.963Z", "user": 1, "content_type": 22, "object_id": "30", "object_repr": "Tingshaws", "action_flag": 1, "change_message": "[{\"added\": {}}]"}}, {"model": "admin.logentry", "pk": 208, "fields": {"action_time": "2025-05-14T05:11:06.302Z", "user": 1, "content_type": 22, "object_id": "31", "object_repr": "Conch Shells", "action_flag": 1, "change_message": "[{\"added\": {}}]"}}, {"model": "admin.logentry", "pk": 209, "fields": {"action_time": "2025-05-14T05:11:16.954Z", "user": 1, "content_type": 22, "object_id": "32", "object_repr": "Shamanic Drum (Dhyangro)", "action_flag": 1, "change_message": "[{\"added\": {}}]"}}, {"model": "admin.logentry", "pk": 210, "fields": {"action_time": "2025-05-14T05:11:36.597Z", "user": 1, "content_type": 22, "object_id": "33", "object_repr": "Thanka Painting", "action_flag": 1, "change_message": "[{\"added\": {}}]"}}, {"model": "admin.logentry", "pk": 211, "fields": {"action_time": "2025-05-14T05:11:46.904Z", "user": 1, "content_type": 22, "object_id": "34", "object_repr": "Statues", "action_flag": 1, "change_message": "[{\"added\": {}}]"}}, {"model": "admin.logentry", "pk": 212, "fields": {"action_time": "2025-05-14T05:11:57.189Z", "user": 1, "content_type": 22, "object_id": "35", "object_repr": "Rituals Mask", "action_flag": 1, "change_message": "[{\"added\": {}}]"}}, {"model": "admin.logentry", "pk": 213, "fields": {"action_time": "2025-05-14T05:12:06.469Z", "user": 1, "content_type": 22, "object_id": "36", "object_repr": "Rituals Stone", "action_flag": 1, "change_message": "[{\"added\": {}}]"}}, {"model": "admin.logentry", "pk": 214, "fields": {"action_time": "2025-05-14T05:12:28.170Z", "user": 1, "content_type": 22, "object_id": "37", "object_repr": "Prayer Flags", "action_flag": 1, "change_message": "[{\"added\": {}}]"}}, {"model": "admin.logentry", "pk": 215, "fields": {"action_time": "2025-05-14T05:12:41.282Z", "user": 1, "content_type": 22, "object_id": "38", "object_repr": "Prayer Beads", "action_flag": 1, "change_message": "[{\"added\": {}}]"}}, {"model": "admin.logentry", "pk": 216, "fields": {"action_time": "2025-05-14T05:12:51.986Z", "user": 1, "content_type": 22, "object_id": "39", "object_repr": "Prayer Wheels", "action_flag": 1, "change_message": "[{\"added\": {}}]"}}, {"model": "admin.logentry", "pk": 217, "fields": {"action_time": "2025-05-14T05:13:03.934Z", "user": 1, "content_type": 22, "object_id": "40", "object_repr": "Herbal Incense and Burner", "action_flag": 1, "change_message": "[{\"added\": {}}]"}}, {"model": "admin.logentry", "pk": 218, "fields": {"action_time": "2025-05-14T05:13:17.028Z", "user": 1, "content_type": 22, "object_id": "41", "object_repr": "Nepali Khukuri", "action_flag": 1, "change_message": "[{\"added\": {}}]"}}, {"model": "admin.logentry", "pk": 219, "fields": {"action_time": "2025-05-14T05:13:25.905Z", "user": 1, "content_type": 22, "object_id": "42", "object_repr": "Pasmina/Himalayan Woolen Shawl", "action_flag": 1, "change_message": "[{\"added\": {}}]"}}, {"model": "admin.logentry", "pk": 220, "fields": {"action_time": "2025-05-14T05:13:36.913Z", "user": 1, "content_type": 22, "object_id": "43", "object_repr": "Felt Animal Ornaments", "action_flag": 1, "change_message": "[{\"added\": {}}]"}}, {"model": "admin.logentry", "pk": 221, "fields": {"action_time": "2025-05-14T05:13:46.738Z", "user": 1, "content_type": 22, "object_id": "44", "object_repr": "Himalayan Salt Lamps", "action_flag": 1, "change_message": "[{\"added\": {}}]"}}, {"model": "admin.logentry", "pk": 222, "fields": {"action_time": "2025-05-14T05:14:01.458Z", "user": 1, "content_type": 22, "object_id": "45", "object_repr": "Cushions/Pillow", "action_flag": 1, "change_message": "[{\"added\": {}}]"}}, {"model": "admin.logentry", "pk": 223, "fields": {"action_time": "2025-05-14T05:14:11.465Z", "user": 1, "content_type": 22, "object_id": "46", "object_repr": "Drumsticks/Mallets", "action_flag": 1, "change_message": "[{\"added\": {}}]"}}, {"model": "admin.logentry", "pk": 224, "fields": {"action_time": "2025-05-14T05:14:20.982Z", "user": 1, "content_type": 22, "object_id": "47", "object_repr": "Ringer/Leather Sticks", "action_flag": 1, "change_message": "[{\"added\": {}}]"}}, {"model": "admin.logentry", "pk": 225, "fields": {"action_time": "2025-05-14T05:14:30.515Z", "user": 1, "content_type": 22, "object_id": "48", "object_repr": "Bags/Cases", "action_flag": 1, "change_message": "[{\"added\": {}}]"}}, {"model": "admin.logentry", "pk": 226, "fields": {"action_time": "2025-05-14T06:19:01.036Z", "user": 1, "content_type": 9, "object_id": "17", "object_repr": "cjrvjnjasdfd", "action_flag": 1, "change_message": "new through import_export"}}, {"model": "admin.logentry", "pk": 227, "fields": {"action_time": "2025-05-14T06:19:01.036Z", "user": 1, "content_type": 9, "object_id": "18", "object_repr": "Damaruafdsd", "action_flag": 1, "change_message": "new through import_export"}}, {"model": "admin.logentry", "pk": 228, "fields": {"action_time": "2025-05-14T06:19:01.037Z", "user": 1, "content_type": 9, "object_id": "19", "object_repr": "SandalWood Malaasf", "action_flag": 1, "change_message": "new through import_export"}}, {"model": "admin.logentry", "pk": 229, "fields": {"action_time": "2025-05-14T06:19:01.037Z", "user": 1, "content_type": 9, "object_id": "20", "object_repr": "Gauley Madalasdfasd", "action_flag": 1, "change_message": "new through import_export"}}, {"model": "admin.logentry", "pk": 230, "fields": {"action_time": "2025-05-14T06:19:01.037Z", "user": 1, "content_type": 9, "object_id": "21", "object_repr": "Therapy Bowlasdfasd", "action_flag": 1, "change_message": "new through import_export"}}, {"model": "admin.logentry", "pk": 231, "fields": {"action_time": "2025-05-14T06:19:01.037Z", "user": 1, "content_type": 9, "object_id": "22", "object_repr": "Root Chakraasdf", "action_flag": 1, "change_message": "new through import_export"}}, {"model": "admin.logentry", "pk": 232, "fields": {"action_time": "2025-05-14T06:19:01.037Z", "user": 1, "content_type": 9, "object_id": "23", "object_repr": "Yoga Bowlasdf", "action_flag": 1, "change_message": "new through import_export"}}, {"model": "admin.logentry", "pk": 233, "fields": {"action_time": "2025-05-14T06:19:01.037Z", "user": 1, "content_type": 9, "object_id": "24", "object_repr": "Full Moon Singinasdfg Bowl", "action_flag": 1, "change_message": "new through import_export"}}, {"model": "admin.logentry", "pk": 234, "fields": {"action_time": "2025-05-14T06:19:01.037Z", "user": 1, "content_type": 9, "object_id": "25", "object_repr": "Antique Rudrakshyaafd", "action_flag": 1, "change_message": "new through import_export"}}, {"model": "admin.logentry", "pk": 235, "fields": {"action_time": "2025-05-14T06:19:01.037Z", "user": 1, "content_type": 9, "object_id": "26", "object_repr": "Sound Noteasdf", "action_flag": 1, "change_message": "new through import_export"}}, {"model": "admin.logentry", "pk": 236, "fields": {"action_time": "2025-05-14T06:19:01.037Z", "user": 1, "content_type": 9, "object_id": "27", "object_repr": "Black Bowlasdfd", "action_flag": 1, "change_message": "new through import_export"}}, {"model": "admin.logentry", "pk": 237, "fields": {"action_time": "2025-05-14T06:19:01.037Z", "user": 1, "content_type": 9, "object_id": "28", "object_repr": "Rudrakshyaasdf", "action_flag": 1, "change_message": "new through import_export"}}, {"model": "admin.logentry", "pk": 238, "fields": {"action_time": "2025-05-14T06:19:01.037Z", "user": 1, "content_type": 9, "object_id": "29", "object_repr": "Singing Bowlasdfd", "action_flag": 1, "change_message": "new through import_export"}}, {"model": "admin.logentry", "pk": 239, "fields": {"action_time": "2025-05-14T06:19:01.037Z", "user": 1, "content_type": 9, "object_id": "30", "object_repr": "7 Chakra Healing Tunned Singing sdfBowl", "action_flag": 1, "change_message": "new through import_export"}}, {"model": "admin.logentry", "pk": 240, "fields": {"action_time": "2025-05-14T06:19:01.037Z", "user": 1, "content_type": 9, "object_id": "31", "object_repr": "Antique Bowlfa", "action_flag": 1, "change_message": "new through import_export"}}, {"model": "admin.logentry", "pk": 241, "fields": {"action_time": "2025-05-14T06:19:01.037Z", "user": 1, "content_type": 9, "object_id": "32", "object_repr": "asfd", "action_flag": 1, "change_message": "new through import_export"}}, {"model": "admin.logentry", "pk": 242, "fields": {"action_time": "2025-05-14T06:19:28.208Z", "user": 1, "content_type": 9, "object_id": "32", "object_repr": "asfd", "action_flag": 2, "change_message": "[{\"changed\": {\"fields\": [\"Sub category\"]}}]"}}, {"model": "admin.logentry", "pk": 243, "fields": {"action_time": "2025-05-14T06:19:38.965Z", "user": 1, "content_type": 9, "object_id": "31", "object_repr": "Antique Bowlfa", "action_flag": 2, "change_message": "[{\"changed\": {\"fields\": [\"Sub category\"]}}]"}}, {"model": "admin.logentry", "pk": 244, "fields": {"action_time": "2025-05-14T06:19:59.422Z", "user": 1, "content_type": 9, "object_id": "30", "object_repr": "7 Chakra Healing Tunned Singing sdfBowl", "action_flag": 2, "change_message": "[{\"changed\": {\"fields\": [\"Sub category\"]}}]"}}, {"model": "admin.logentry", "pk": 245, "fields": {"action_time": "2025-05-14T06:24:54.860Z", "user": 1, "content_type": 9, "object_id": "29", "object_repr": "Singing Bowlasdfd", "action_flag": 2, "change_message": "[{\"changed\": {\"fields\": [\"Sub category\"]}}]"}}, {"model": "admin.logentry", "pk": 246, "fields": {"action_time": "2025-05-14T06:25:20.929Z", "user": 1, "content_type": 9, "object_id": "28", "object_repr": "Rudrakshyaasdf", "action_flag": 2, "change_message": "[{\"changed\": {\"fields\": [\"Sub category\"]}}]"}}, {"model": "admin.logentry", "pk": 247, "fields": {"action_time": "2025-05-14T07:28:13.140Z", "user": 1, "content_type": 9, "object_id": "27", "object_repr": "Black Bowlasdfd", "action_flag": 2, "change_message": "[{\"changed\": {\"fields\": [\"Sub category\"]}}]"}}, {"model": "admin.logentry", "pk": 248, "fields": {"action_time": "2025-05-14T07:28:26.956Z", "user": 1, "content_type": 9, "object_id": "26", "object_repr": "Sound Noteasdf", "action_flag": 2, "change_message": "[{\"changed\": {\"fields\": [\"Sub category\"]}}]"}}, {"model": "admin.logentry", "pk": 249, "fields": {"action_time": "2025-05-14T07:29:00.027Z", "user": 1, "content_type": 9, "object_id": "25", "object_repr": "Antique Rudrakshyaafd", "action_flag": 2, "change_message": "[{\"changed\": {\"fields\": [\"Sub category\"]}}]"}}, {"model": "admin.logentry", "pk": 250, "fields": {"action_time": "2025-05-14T07:29:22.829Z", "user": 1, "content_type": 9, "object_id": "24", "object_repr": "Full Moon Singinasdfg Bowl", "action_flag": 2, "change_message": "[{\"changed\": {\"fields\": [\"Sub category\"]}}]"}}, {"model": "admin.logentry", "pk": 251, "fields": {"action_time": "2025-05-14T07:29:33.315Z", "user": 1, "content_type": 9, "object_id": "23", "object_repr": "Yoga Bowlasdf", "action_flag": 2, "change_message": "[{\"changed\": {\"fields\": [\"Sub category\"]}}]"}}, {"model": "admin.logentry", "pk": 252, "fields": {"action_time": "2025-05-14T07:29:44.769Z", "user": 1, "content_type": 9, "object_id": "22", "object_repr": "Root Chakraasdf", "action_flag": 2, "change_message": "[{\"changed\": {\"fields\": [\"Sub category\"]}}]"}}, {"model": "admin.logentry", "pk": 253, "fields": {"action_time": "2025-05-14T07:29:57.670Z", "user": 1, "content_type": 9, "object_id": "21", "object_repr": "Therapy Bowlasdfasd", "action_flag": 2, "change_message": "[{\"changed\": {\"fields\": [\"Sub category\"]}}]"}}, {"model": "admin.logentry", "pk": 254, "fields": {"action_time": "2025-05-14T07:30:07.590Z", "user": 1, "content_type": 9, "object_id": "20", "object_repr": "Gauley Madalasdfasd", "action_flag": 2, "change_message": "[{\"changed\": {\"fields\": [\"Sub category\"]}}]"}}, {"model": "admin.logentry", "pk": 255, "fields": {"action_time": "2025-05-14T07:30:17.341Z", "user": 1, "content_type": 9, "object_id": "19", "object_repr": "SandalWood Malaasf", "action_flag": 2, "change_message": "[{\"changed\": {\"fields\": [\"Sub category\"]}}]"}}, {"model": "admin.logentry", "pk": 256, "fields": {"action_time": "2025-05-14T07:30:28.847Z", "user": 1, "content_type": 9, "object_id": "18", "object_repr": "Damaruafdsd", "action_flag": 2, "change_message": "[{\"changed\": {\"fields\": [\"Sub category\"]}}]"}}, {"model": "admin.logentry", "pk": 257, "fields": {"action_time": "2025-05-14T07:30:42.083Z", "user": 1, "content_type": 9, "object_id": "17", "object_repr": "cjrvjnjasdfd", "action_flag": 2, "change_message": "[{\"changed\": {\"fields\": [\"Sub category\"]}}]"}}, {"model": "admin.logentry", "pk": 258, "fields": {"action_time": "2025-05-14T07:30:51.261Z", "user": 1, "content_type": 9, "object_id": "16", "object_repr": "cjrvjnj", "action_flag": 2, "change_message": "[{\"changed\": {\"fields\": [\"Sub category\"]}}]"}}, {"model": "admin.logentry", "pk": 259, "fields": {"action_time": "2025-05-14T07:30:58.721Z", "user": 1, "content_type": 9, "object_id": "15", "object_repr": "Damaru", "action_flag": 2, "change_message": "[{\"changed\": {\"fields\": [\"Sub category\"]}}]"}}, {"model": "admin.logentry", "pk": 260, "fields": {"action_time": "2025-05-14T07:31:36.458Z", "user": 1, "content_type": 9, "object_id": "15", "object_repr": "Damaru", "action_flag": 2, "change_message": "[]"}}, {"model": "admin.logentry", "pk": 261, "fields": {"action_time": "2025-05-14T07:31:46.342Z", "user": 1, "content_type": 9, "object_id": "14", "object_repr": "SandalWood Mala", "action_flag": 2, "change_message": "[{\"changed\": {\"fields\": [\"Sub category\"]}}]"}}, {"model": "admin.logentry", "pk": 262, "fields": {"action_time": "2025-05-14T07:31:59.519Z", "user": 1, "content_type": 9, "object_id": "13", "object_repr": "Gauley Madal", "action_flag": 2, "change_message": "[{\"changed\": {\"fields\": [\"Sub category\"]}}]"}}, {"model": "admin.logentry", "pk": 263, "fields": {"action_time": "2025-05-14T07:32:11.402Z", "user": 1, "content_type": 9, "object_id": "12", "object_repr": "Therapy Bowl", "action_flag": 2, "change_message": "[{\"changed\": {\"fields\": [\"Sub category\"]}}]"}}, {"model": "admin.logentry", "pk": 264, "fields": {"action_time": "2025-05-14T07:32:25.662Z", "user": 1, "content_type": 9, "object_id": "11", "object_repr": "Root Chakra", "action_flag": 2, "change_message": "[{\"changed\": {\"fields\": [\"Sub category\"]}}]"}}, {"model": "admin.logentry", "pk": 265, "fields": {"action_time": "2025-05-14T07:32:42.635Z", "user": 1, "content_type": 9, "object_id": "10", "object_repr": "Yoga Bowl", "action_flag": 2, "change_message": "[{\"changed\": {\"fields\": [\"Sub category\"]}}]"}}, {"model": "admin.logentry", "pk": 266, "fields": {"action_time": "2025-05-14T07:32:55.486Z", "user": 1, "content_type": 9, "object_id": "9", "object_repr": "Full Moon Singing Bowl", "action_flag": 2, "change_message": "[{\"changed\": {\"fields\": [\"Sub category\"]}}]"}}, {"model": "admin.logentry", "pk": 267, "fields": {"action_time": "2025-05-14T07:33:06.562Z", "user": 1, "content_type": 9, "object_id": "8", "object_repr": "Antique Rudrakshya", "action_flag": 2, "change_message": "[{\"changed\": {\"fields\": [\"Sub category\"]}}]"}}, {"model": "admin.logentry", "pk": 268, "fields": {"action_time": "2025-05-14T07:33:19.092Z", "user": 1, "content_type": 9, "object_id": "7", "object_repr": "Sound Note", "action_flag": 2, "change_message": "[{\"changed\": {\"fields\": [\"Sub category\"]}}]"}}, {"model": "admin.logentry", "pk": 269, "fields": {"action_time": "2025-05-14T07:33:27.935Z", "user": 1, "content_type": 9, "object_id": "6", "object_repr": "Black Bowl", "action_flag": 2, "change_message": "[{\"changed\": {\"fields\": [\"Sub category\"]}}]"}}, {"model": "admin.logentry", "pk": 270, "fields": {"action_time": "2025-05-14T07:33:38.661Z", "user": 1, "content_type": 9, "object_id": "5", "object_repr": "Rudrakshya", "action_flag": 2, "change_message": "[{\"changed\": {\"fields\": [\"Sub category\"]}}]"}}, {"model": "admin.logentry", "pk": 271, "fields": {"action_time": "2025-05-14T07:33:50.944Z", "user": 1, "content_type": 9, "object_id": "4", "object_repr": "Singing Bowl", "action_flag": 2, "change_message": "[{\"changed\": {\"fields\": [\"Sub category\"]}}]"}}, {"model": "admin.logentry", "pk": 272, "fields": {"action_time": "2025-05-14T07:33:57.599Z", "user": 1, "content_type": 9, "object_id": "3", "object_repr": "7 Chakra Healing Tunned Singing Bowl", "action_flag": 2, "change_message": "[{\"changed\": {\"fields\": [\"Sub category\"]}}]"}}, {"model": "admin.logentry", "pk": 273, "fields": {"action_time": "2025-05-14T07:34:03.877Z", "user": 1, "content_type": 9, "object_id": "2", "object_repr": "Antique Bowl", "action_flag": 2, "change_message": "[{\"changed\": {\"fields\": [\"Sub category\"]}}]"}}, {"model": "admin.logentry", "pk": 274, "fields": {"action_time": "2025-05-14T07:34:11.561Z", "user": 1, "content_type": 9, "object_id": "1", "object_repr": "Healing Bowl", "action_flag": 2, "change_message": "[{\"changed\": {\"fields\": [\"Sub category\"]}}]"}}, {"model": "admin.logentry", "pk": 275, "fields": {"action_time": "2025-05-14T07:35:28.547Z", "user": 1, "content_type": 9, "object_id": "32", "object_repr": "asfd", "action_flag": 2, "change_message": "[{\"changed\": {\"fields\": [\"Is left banner offer\", \"Is right banner offer\"]}}]"}}, {"model": "admin.logentry", "pk": 276, "fields": {"action_time": "2025-05-14T07:36:43.793Z", "user": 1, "content_type": 21, "object_id": "6", "object_repr": "Singing Bowls", "action_flag": 2, "change_message": "[{\"changed\": {\"fields\": [\"Name\"]}}]"}}, {"model": "admin.logentry", "pk": 277, "fields": {"action_time": "2025-05-14T07:38:48.400Z", "user": 1, "content_type": 21, "object_id": "9", "object_repr": "Sacred Art", "action_flag": 2, "change_message": "[{\"changed\": {\"fields\": [\"Name\"]}}]"}}, {"model": "admin.logentry", "pk": 278, "fields": {"action_time": "2025-05-14T07:38:59.603Z", "user": 1, "content_type": 21, "object_id": "8", "object_repr": "Spiritual Sound & Therapy Products", "action_flag": 2, "change_message": "[]"}}, {"model": "admin.logentry", "pk": 279, "fields": {"action_time": "2025-05-14T07:45:30.344Z", "user": 1, "content_type": 21, "object_id": "6", "object_repr": "Himalayan  Singing Bowls", "action_flag": 2, "change_message": "[{\"changed\": {\"fields\": [\"Name\"]}}]"}}, {"model": "admin.logentry", "pk": 280, "fields": {"action_time": "2025-05-14T07:47:38.126Z", "user": 1, "content_type": 21, "object_id": "9", "object_repr": "Sacred Art & Symbols", "action_flag": 2, "change_message": "[{\"changed\": {\"fields\": [\"Name\"]}}]"}}, {"model": "admin.logentry", "pk": 281, "fields": {"action_time": "2025-05-14T07:59:40.986Z", "user": 1, "content_type": 9, "object_id": "33", "object_repr": "thisis a ne product", "action_flag": 1, "change_message": "[{\"added\": {}}]"}}, {"model": "admin.logentry", "pk": 282, "fields": {"action_time": "2025-05-14T08:00:28.893Z", "user": 1, "content_type": 9, "object_id": "33", "object_repr": "thisis a ne product", "action_flag": 2, "change_message": "[{\"changed\": {\"fields\": [\"Sub category\"]}}]"}}, {"model": "admin.logentry", "pk": 283, "fields": {"action_time": "2025-05-14T08:08:26.443Z", "user": 1, "content_type": 9, "object_id": "33", "object_repr": "thisis a ne product", "action_flag": 3, "change_message": ""}}, {"model": "admin.logentry", "pk": 284, "fields": {"action_time": "2025-05-14T08:30:30.480Z", "user": 1, "content_type": 9, "object_id": "32", "object_repr": "asfd", "action_flag": 2, "change_message": "[{\"changed\": {\"fields\": [\"Views\"]}}]"}}, {"model": "admin.logentry", "pk": 285, "fields": {"action_time": "2025-05-14T08:30:43.390Z", "user": 1, "content_type": 9, "object_id": "28", "object_repr": "Rudrakshyaasdf", "action_flag": 2, "change_message": "[{\"changed\": {\"fields\": [\"Stock\"]}}]"}}, {"model": "admin.logentry", "pk": 286, "fields": {"action_time": "2025-05-14T08:30:57.410Z", "user": 1, "content_type": 9, "object_id": "28", "object_repr": "Rudrakshyaasdf", "action_flag": 2, "change_message": "[{\"changed\": {\"fields\": [\"Views\"]}}]"}}, {"model": "admin.logentry", "pk": 287, "fields": {"action_time": "2025-05-14T08:31:07.970Z", "user": 1, "content_type": 9, "object_id": "20", "object_repr": "Gauley Madalasdfasd", "action_flag": 2, "change_message": "[{\"changed\": {\"fields\": [\"Views\"]}}]"}}, {"model": "admin.logentry", "pk": 288, "fields": {"action_time": "2025-05-14T11:48:12.420Z", "user": 1, "content_type": 24, "object_id": "1", "object_repr": "sad@gmail.com", "action_flag": 1, "change_message": "[{\"added\": {}}]"}}, {"model": "admin.logentry", "pk": 289, "fields": {"action_time": "2025-05-14T11:48:28.946Z", "user": 1, "content_type": 24, "object_id": "1", "object_repr": "sad@gmail.com", "action_flag": 3, "change_message": ""}}, {"model": "admin.logentry", "pk": 290, "fields": {"action_time": "2025-05-14T12:13:43.092Z", "user": 1, "content_type": 24, "object_id": "3", "object_repr": "sujandotel181@gmail.com", "action_flag": 3, "change_message": ""}}, {"model": "admin.logentry", "pk": 291, "fields": {"action_time": "2025-05-14T12:45:04.000Z", "user": 1, "content_type": 24, "object_id": "5", "object_repr": "abc@gmail.com", "action_flag": 3, "change_message": ""}}, {"model": "admin.logentry", "pk": 292, "fields": {"action_time": "2025-05-14T12:45:04.000Z", "user": 1, "content_type": 24, "object_id": "2", "object_repr": "pas078bct043@wrc.edu.np", "action_flag": 3, "change_message": ""}}, {"model": "admin.logentry", "pk": 293, "fields": {"action_time": "2025-05-14T15:25:23.395Z", "user": 1, "content_type": 24, "object_id": "6", "object_repr": "pas078bct043@wrc.edu.np", "action_flag": 3, "change_message": ""}}, {"model": "admin.logentry", "pk": 294, "fields": {"action_time": "2025-06-21T02:45:42.841Z", "user": 1, "content_type": 10, "object_id": "5", "object_repr": "large", "action_flag": 2, "change_message": "[{\"changed\": {\"fields\": [\"Price\"]}}]"}}, {"model": "admin.logentry", "pk": 295, "fields": {"action_time": "2025-06-21T02:45:52.546Z", "user": 1, "content_type": 10, "object_id": "4", "object_repr": "medium", "action_flag": 2, "change_message": "[{\"changed\": {\"fields\": [\"Price\"]}}]"}}, {"model": "admin.logentry", "pk": 296, "fields": {"action_time": "2025-06-21T02:45:59.951Z", "user": 1, "content_type": 10, "object_id": "4", "object_repr": "medium", "action_flag": 2, "change_message": "[{\"changed\": {\"fields\": [\"Price\"]}}]"}}, {"model": "admin.logentry", "pk": 297, "fields": {"action_time": "2025-06-21T03:50:45.560Z", "user": 1, "content_type": 10, "object_id": "3", "object_repr": "small", "action_flag": 2, "change_message": "[{\"changed\": {\"fields\": [\"Price\"]}}]"}}, {"model": "admin.logentry", "pk": 298, "fields": {"action_time": "2025-06-21T03:50:51.262Z", "user": 1, "content_type": 10, "object_id": "2", "object_repr": "medium", "action_flag": 2, "change_message": "[{\"changed\": {\"fields\": [\"Price\"]}}]"}}, {"model": "admin.logentry", "pk": 299, "fields": {"action_time": "2025-06-21T03:50:56.422Z", "user": 1, "content_type": 10, "object_id": "1", "object_repr": "large", "action_flag": 2, "change_message": "[{\"changed\": {\"fields\": [\"Price\"]}}]"}}, {"model": "admin.logentry", "pk": 300, "fields": {"action_time": "2025-06-21T09:12:13.621Z", "user": 1, "content_type": 9, "object_id": "13", "object_repr": "Gauley Madal", "action_flag": 2, "change_message": "[{\"changed\": {\"fields\": [\"Stock\"]}}]"}}, {"model": "auth.permission", "pk": 1, "fields": {"name": "Can add log entry", "content_type": 1, "codename": "add_logentry"}}, {"model": "auth.permission", "pk": 2, "fields": {"name": "Can change log entry", "content_type": 1, "codename": "change_logentry"}}, {"model": "auth.permission", "pk": 3, "fields": {"name": "Can delete log entry", "content_type": 1, "codename": "delete_logentry"}}, {"model": "auth.permission", "pk": 4, "fields": {"name": "Can view log entry", "content_type": 1, "codename": "view_logentry"}}, {"model": "auth.permission", "pk": 5, "fields": {"name": "Can add permission", "content_type": 2, "codename": "add_permission"}}, {"model": "auth.permission", "pk": 6, "fields": {"name": "Can change permission", "content_type": 2, "codename": "change_permission"}}, {"model": "auth.permission", "pk": 7, "fields": {"name": "Can delete permission", "content_type": 2, "codename": "delete_permission"}}, {"model": "auth.permission", "pk": 8, "fields": {"name": "Can view permission", "content_type": 2, "codename": "view_permission"}}, {"model": "auth.permission", "pk": 9, "fields": {"name": "Can add group", "content_type": 3, "codename": "add_group"}}, {"model": "auth.permission", "pk": 10, "fields": {"name": "Can change group", "content_type": 3, "codename": "change_group"}}, {"model": "auth.permission", "pk": 11, "fields": {"name": "Can delete group", "content_type": 3, "codename": "delete_group"}}, {"model": "auth.permission", "pk": 12, "fields": {"name": "Can view group", "content_type": 3, "codename": "view_group"}}, {"model": "auth.permission", "pk": 13, "fields": {"name": "Can add content type", "content_type": 4, "codename": "add_contenttype"}}, {"model": "auth.permission", "pk": 14, "fields": {"name": "Can change content type", "content_type": 4, "codename": "change_contenttype"}}, {"model": "auth.permission", "pk": 15, "fields": {"name": "Can delete content type", "content_type": 4, "codename": "delete_contenttype"}}, {"model": "auth.permission", "pk": 16, "fields": {"name": "Can view content type", "content_type": 4, "codename": "view_contenttype"}}, {"model": "auth.permission", "pk": 17, "fields": {"name": "Can add session", "content_type": 5, "codename": "add_session"}}, {"model": "auth.permission", "pk": 18, "fields": {"name": "Can change session", "content_type": 5, "codename": "change_session"}}, {"model": "auth.permission", "pk": 19, "fields": {"name": "Can delete session", "content_type": 5, "codename": "delete_session"}}, {"model": "auth.permission", "pk": 20, "fields": {"name": "Can view session", "content_type": 5, "codename": "view_session"}}, {"model": "auth.permission", "pk": 21, "fields": {"name": "Can add account", "content_type": 6, "codename": "add_account"}}, {"model": "auth.permission", "pk": 22, "fields": {"name": "Can change account", "content_type": 6, "codename": "change_account"}}, {"model": "auth.permission", "pk": 23, "fields": {"name": "Can delete account", "content_type": 6, "codename": "delete_account"}}, {"model": "auth.permission", "pk": 24, "fields": {"name": "Can view account", "content_type": 6, "codename": "view_account"}}, {"model": "auth.permission", "pk": 25, "fields": {"name": "Can add user profile", "content_type": 7, "codename": "add_userprofile"}}, {"model": "auth.permission", "pk": 26, "fields": {"name": "Can change user profile", "content_type": 7, "codename": "change_userprofile"}}, {"model": "auth.permission", "pk": 27, "fields": {"name": "Can delete user profile", "content_type": 7, "codename": "delete_userprofile"}}, {"model": "auth.permission", "pk": 28, "fields": {"name": "Can view user profile", "content_type": 7, "codename": "view_userprofile"}}, {"model": "auth.permission", "pk": 29, "fields": {"name": "Can add carousel item", "content_type": 8, "codename": "add_carouselitem"}}, {"model": "auth.permission", "pk": 30, "fields": {"name": "Can change carousel item", "content_type": 8, "codename": "change_carouselitem"}}, {"model": "auth.permission", "pk": 31, "fields": {"name": "Can delete carousel item", "content_type": 8, "codename": "delete_carouselitem"}}, {"model": "auth.permission", "pk": 32, "fields": {"name": "Can view carousel item", "content_type": 8, "codename": "view_carouselitem"}}, {"model": "auth.permission", "pk": 33, "fields": {"name": "Can add product", "content_type": 9, "codename": "add_product"}}, {"model": "auth.permission", "pk": 34, "fields": {"name": "Can change product", "content_type": 9, "codename": "change_product"}}, {"model": "auth.permission", "pk": 35, "fields": {"name": "Can delete product", "content_type": 9, "codename": "delete_product"}}, {"model": "auth.permission", "pk": 36, "fields": {"name": "Can view product", "content_type": 9, "codename": "view_product"}}, {"model": "auth.permission", "pk": 37, "fields": {"name": "Can add variation", "content_type": 10, "codename": "add_variation"}}, {"model": "auth.permission", "pk": 38, "fields": {"name": "Can change variation", "content_type": 10, "codename": "change_variation"}}, {"model": "auth.permission", "pk": 39, "fields": {"name": "Can delete variation", "content_type": 10, "codename": "delete_variation"}}, {"model": "auth.permission", "pk": 40, "fields": {"name": "Can view variation", "content_type": 10, "codename": "view_variation"}}, {"model": "auth.permission", "pk": 41, "fields": {"name": "Can add cart", "content_type": 11, "codename": "add_cart"}}, {"model": "auth.permission", "pk": 42, "fields": {"name": "Can change cart", "content_type": 11, "codename": "change_cart"}}, {"model": "auth.permission", "pk": 43, "fields": {"name": "Can delete cart", "content_type": 11, "codename": "delete_cart"}}, {"model": "auth.permission", "pk": 44, "fields": {"name": "Can view cart", "content_type": 11, "codename": "view_cart"}}, {"model": "auth.permission", "pk": 45, "fields": {"name": "Can add cart item", "content_type": 12, "codename": "add_cartitem"}}, {"model": "auth.permission", "pk": 46, "fields": {"name": "Can change cart item", "content_type": 12, "codename": "change_cartitem"}}, {"model": "auth.permission", "pk": 47, "fields": {"name": "Can delete cart item", "content_type": 12, "codename": "delete_cartitem"}}, {"model": "auth.permission", "pk": 48, "fields": {"name": "Can view cart item", "content_type": 12, "codename": "view_cartitem"}}, {"model": "auth.permission", "pk": 49, "fields": {"name": "Can add category", "content_type": 13, "codename": "add_category"}}, {"model": "auth.permission", "pk": 50, "fields": {"name": "Can change category", "content_type": 13, "codename": "change_category"}}, {"model": "auth.permission", "pk": 51, "fields": {"name": "Can delete category", "content_type": 13, "codename": "delete_category"}}, {"model": "auth.permission", "pk": 52, "fields": {"name": "Can view category", "content_type": 13, "codename": "view_category"}}, {"model": "auth.permission", "pk": 53, "fields": {"name": "Can add left banner", "content_type": 14, "codename": "add_leftbanner"}}, {"model": "auth.permission", "pk": 54, "fields": {"name": "Can change left banner", "content_type": 14, "codename": "change_leftbanner"}}, {"model": "auth.permission", "pk": 55, "fields": {"name": "Can delete left banner", "content_type": 14, "codename": "delete_leftbanner"}}, {"model": "auth.permission", "pk": 56, "fields": {"name": "Can view left banner", "content_type": 14, "codename": "view_leftbanner"}}, {"model": "auth.permission", "pk": 57, "fields": {"name": "Can add right banner", "content_type": 15, "codename": "add_rightbanner"}}, {"model": "auth.permission", "pk": 58, "fields": {"name": "Can change right banner", "content_type": 15, "codename": "change_rightbanner"}}, {"model": "auth.permission", "pk": 59, "fields": {"name": "Can delete right banner", "content_type": 15, "codename": "delete_rightbanner"}}, {"model": "auth.permission", "pk": 60, "fields": {"name": "Can view right banner", "content_type": 15, "codename": "view_rightbanner"}}, {"model": "auth.permission", "pk": 61, "fields": {"name": "Can add order", "content_type": 16, "codename": "add_order"}}, {"model": "auth.permission", "pk": 62, "fields": {"name": "Can change order", "content_type": 16, "codename": "change_order"}}, {"model": "auth.permission", "pk": 63, "fields": {"name": "Can delete order", "content_type": 16, "codename": "delete_order"}}, {"model": "auth.permission", "pk": 64, "fields": {"name": "Can view order", "content_type": 16, "codename": "view_order"}}, {"model": "auth.permission", "pk": 65, "fields": {"name": "Can add payment", "content_type": 17, "codename": "add_payment"}}, {"model": "auth.permission", "pk": 66, "fields": {"name": "Can change payment", "content_type": 17, "codename": "change_payment"}}, {"model": "auth.permission", "pk": 67, "fields": {"name": "Can delete payment", "content_type": 17, "codename": "delete_payment"}}, {"model": "auth.permission", "pk": 68, "fields": {"name": "Can view payment", "content_type": 17, "codename": "view_payment"}}, {"model": "auth.permission", "pk": 69, "fields": {"name": "Can add order product", "content_type": 18, "codename": "add_orderproduct"}}, {"model": "auth.permission", "pk": 70, "fields": {"name": "Can change order product", "content_type": 18, "codename": "change_orderproduct"}}, {"model": "auth.permission", "pk": 71, "fields": {"name": "Can delete order product", "content_type": 18, "codename": "delete_orderproduct"}}, {"model": "auth.permission", "pk": 72, "fields": {"name": "Can view order product", "content_type": 18, "codename": "view_orderproduct"}}, {"model": "auth.permission", "pk": 73, "fields": {"name": "Can add contact message", "content_type": 19, "codename": "add_contactmessage"}}, {"model": "auth.permission", "pk": 74, "fields": {"name": "Can change contact message", "content_type": 19, "codename": "change_contactmessage"}}, {"model": "auth.permission", "pk": 75, "fields": {"name": "Can delete contact message", "content_type": 19, "codename": "delete_contactmessage"}}, {"model": "auth.permission", "pk": 76, "fields": {"name": "Can view contact message", "content_type": 19, "codename": "view_contactmessage"}}, {"model": "auth.permission", "pk": 77, "fields": {"name": "Can add product gallery", "content_type": 20, "codename": "add_productgallery"}}, {"model": "auth.permission", "pk": 78, "fields": {"name": "Can change product gallery", "content_type": 20, "codename": "change_productgallery"}}, {"model": "auth.permission", "pk": 79, "fields": {"name": "Can delete product gallery", "content_type": 20, "codename": "delete_productgallery"}}, {"model": "auth.permission", "pk": 80, "fields": {"name": "Can view product gallery", "content_type": 20, "codename": "view_productgallery"}}, {"model": "auth.permission", "pk": 81, "fields": {"name": "Can add main category", "content_type": 21, "codename": "add_maincategory"}}, {"model": "auth.permission", "pk": 82, "fields": {"name": "Can change main category", "content_type": 21, "codename": "change_maincategory"}}, {"model": "auth.permission", "pk": 83, "fields": {"name": "Can delete main category", "content_type": 21, "codename": "delete_maincategory"}}, {"model": "auth.permission", "pk": 84, "fields": {"name": "Can view main category", "content_type": 21, "codename": "view_maincategory"}}, {"model": "auth.permission", "pk": 85, "fields": {"name": "Can add sub category", "content_type": 22, "codename": "add_subcategory"}}, {"model": "auth.permission", "pk": 86, "fields": {"name": "Can change sub category", "content_type": 22, "codename": "change_subcategory"}}, {"model": "auth.permission", "pk": 87, "fields": {"name": "Can delete sub category", "content_type": 22, "codename": "delete_subcategory"}}, {"model": "auth.permission", "pk": 88, "fields": {"name": "Can view sub category", "content_type": 22, "codename": "view_subcategory"}}, {"model": "auth.permission", "pk": 89, "fields": {"name": "Can add wishlist", "content_type": 23, "codename": "add_wishlist"}}, {"model": "auth.permission", "pk": 90, "fields": {"name": "Can change wishlist", "content_type": 23, "codename": "change_wishlist"}}, {"model": "auth.permission", "pk": 91, "fields": {"name": "Can delete wishlist", "content_type": 23, "codename": "delete_wishlist"}}, {"model": "auth.permission", "pk": 92, "fields": {"name": "Can view wishlist", "content_type": 23, "codename": "view_wishlist"}}, {"model": "auth.permission", "pk": 93, "fields": {"name": "Can add newsletter subscriber", "content_type": 24, "codename": "add_newslettersubscriber"}}, {"model": "auth.permission", "pk": 94, "fields": {"name": "Can change newsletter subscriber", "content_type": 24, "codename": "change_newslettersubscriber"}}, {"model": "auth.permission", "pk": 95, "fields": {"name": "Can delete newsletter subscriber", "content_type": 24, "codename": "delete_newslettersubscriber"}}, {"model": "auth.permission", "pk": 96, "fields": {"name": "Can view newsletter subscriber", "content_type": 24, "codename": "view_newslettersubscriber"}}, {"model": "auth.permission", "pk": 97, "fields": {"name": "Can add login attempt", "content_type": 25, "codename": "add_loginattempt"}}, {"model": "auth.permission", "pk": 98, "fields": {"name": "Can change login attempt", "content_type": 25, "codename": "change_loginattempt"}}, {"model": "auth.permission", "pk": 99, "fields": {"name": "Can delete login attempt", "content_type": 25, "codename": "delete_loginattempt"}}, {"model": "auth.permission", "pk": 100, "fields": {"name": "Can view login attempt", "content_type": 25, "codename": "view_loginattempt"}}, {"model": "contenttypes.contenttype", "pk": 1, "fields": {"app_label": "admin", "model": "logentry"}}, {"model": "contenttypes.contenttype", "pk": 2, "fields": {"app_label": "auth", "model": "permission"}}, {"model": "contenttypes.contenttype", "pk": 3, "fields": {"app_label": "auth", "model": "group"}}, {"model": "contenttypes.contenttype", "pk": 4, "fields": {"app_label": "contenttypes", "model": "contenttype"}}, {"model": "contenttypes.contenttype", "pk": 5, "fields": {"app_label": "sessions", "model": "session"}}, {"model": "contenttypes.contenttype", "pk": 6, "fields": {"app_label": "accounts", "model": "account"}}, {"model": "contenttypes.contenttype", "pk": 7, "fields": {"app_label": "accounts", "model": "userprofile"}}, {"model": "contenttypes.contenttype", "pk": 8, "fields": {"app_label": "store", "model": "carouselitem"}}, {"model": "contenttypes.contenttype", "pk": 9, "fields": {"app_label": "store", "model": "product"}}, {"model": "contenttypes.contenttype", "pk": 10, "fields": {"app_label": "store", "model": "variation"}}, {"model": "contenttypes.contenttype", "pk": 11, "fields": {"app_label": "carts", "model": "cart"}}, {"model": "contenttypes.contenttype", "pk": 12, "fields": {"app_label": "carts", "model": "cartitem"}}, {"model": "contenttypes.contenttype", "pk": 13, "fields": {"app_label": "category", "model": "category"}}, {"model": "contenttypes.contenttype", "pk": 14, "fields": {"app_label": "category", "model": "leftbanner"}}, {"model": "contenttypes.contenttype", "pk": 15, "fields": {"app_label": "category", "model": "rightbanner"}}, {"model": "contenttypes.contenttype", "pk": 16, "fields": {"app_label": "orders", "model": "order"}}, {"model": "contenttypes.contenttype", "pk": 17, "fields": {"app_label": "orders", "model": "payment"}}, {"model": "contenttypes.contenttype", "pk": 18, "fields": {"app_label": "orders", "model": "orderproduct"}}, {"model": "contenttypes.contenttype", "pk": 19, "fields": {"app_label": "category", "model": "contactmessage"}}, {"model": "contenttypes.contenttype", "pk": 20, "fields": {"app_label": "store", "model": "productgallery"}}, {"model": "contenttypes.contenttype", "pk": 21, "fields": {"app_label": "category", "model": "maincategory"}}, {"model": "contenttypes.contenttype", "pk": 22, "fields": {"app_label": "category", "model": "subcategory"}}, {"model": "contenttypes.contenttype", "pk": 23, "fields": {"app_label": "carts", "model": "wishlist"}}, {"model": "contenttypes.contenttype", "pk": 24, "fields": {"app_label": "newsletter", "model": "newslettersubscriber"}}, {"model": "contenttypes.contenttype", "pk": 25, "fields": {"app_label": "admin_honeypot", "model": "loginattempt"}}, {"model": "sessions.session", "pk": "1z5gs09niucwidlcwdp0ydoq8yl1uwpm", "fields": {"session_data": "eyJjdXJyZW5jeSI6IlVTRCJ9:1uDI6P:aEJ3tMCHewUjEjWQJl3cYtmib5KMCxJihDKK5HIUNdo", "expire_date": "2025-05-23T07:25:01.999Z"}}, {"model": "sessions.session", "pk": "3ddufskg6cakwvcfzomv2vwpsnm3mn5z", "fields": {"session_data": "eyJjdXJyZW5jeSI6IlVTRCJ9:1uDjBh:8SISb8dVRCFy61QoWT2Ed5o3XdN8GsnDFj-bxS8fal8", "expire_date": "2025-05-24T12:20:17.073Z"}}, {"model": "sessions.session", "pk": "3ksy46c3nwn4x3k9s3ecafth150tpxfb", "fields": {"session_data": ".eJxVjLEOgjAURf-ls2loaUtxNK5Oxrl57_VVUFKSAoMx_ruQsLCec-79ClpK4UwfcRaP-1WcRIBl7sIycQl9XKk6MgR6c95EfEF-jpLGPJce5ZbI3U7yNkYeLnt7OOhg6tZ1xY23bCwkbdihbY3XMSG25CqtEFVdedaJ0LgmgasjI2qnyDeWEXQrfn-pij2l:1uDLai:hUi3fGrBGfVTtLIYIKumKblLbwspgIdDX1LYifG-gbU", "expire_date": "2025-05-23T11:08:32.823Z"}}, {"model": "sessions.session", "pk": "48v24nh7n6syt4oyh3oliogr9cvzgerv", "fields": {"session_data": ".eJxVjLEOgjAURf-ls2loaUtxNK5Oxrl57_VVUFKSAoMx_ruQsLCec-79ClpK4UwfcRaP-1WcRIBl7sIycQl9XKk6MgR6c95EfEF-jpLGPJce5ZbI3U7yNkYeLnt7OOhg6tZ1xY23bCwkbdihbY3XMSG25CqtEFVdedaJ0LgmgasjI2qnyDeWEXQrfn-pij2l:1uEU6N:RSqhGxQpiNEI6zRzlJqgDzw9SvleXSV97sm1fcGGUAw", "expire_date": "2025-05-26T14:25:55.243Z"}}, {"model": "sessions.session", "pk": "4fsklk2u0fhn6tep7w4zomd23anrt4il", "fields": {"session_data": ".eJxVjLEOgjAURf-ls2leaaHU0bg6Gefm9fVVUFKSAoMx_ruQsLCec-79ClpK4UwfcRaP-1WchMdl7vwycfF9XGl1ZAHpzXkT8YX5OUoa81z6ILdE7naStzHycNnbw0GHU7euoW4sOm0RkqHWGa1aQlU3OgSTgquUS8mq6JhjBICGUhsq1oDKgHVM4vcHkE09FA:1uJCqm:OwSMWKH5q-I3pbtzO5FPYfhtIpWPoc1ahwibdC5pHrY", "expire_date": "2025-06-08T15:01:20.646Z"}}, {"model": "sessions.session", "pk": "6tgg9bgp6zyy0oxt2eon9dqx8c3okxdk", "fields": {"session_data": "eyJjdXJyZW5jeSI6IlVTRCJ9:1uDLbW:QcJqDCAtD32pVguKoK54E8YaJbwbX3CmQraJEWMurpo", "expire_date": "2025-05-23T11:09:22.931Z"}}, {"model": "sessions.session", "pk": "9ojwahxymlae930vawaoo31rpypvg0a9", "fields": {"session_data": "eyJjdXJyZW5jeSI6IlVTRCJ9:1uDLbW:QcJqDCAtD32pVguKoK54E8YaJbwbX3CmQraJEWMurpo", "expire_date": "2025-05-23T11:09:22.061Z"}}, {"model": "sessions.session", "pk": "a6w251d78d0895tjjthiw8ywvxjz069t", "fields": {"session_data": ".eJxVjLEOgjAURf-ls2loaUtxNK5Oxrl57_VVUFKSAoMx_ruQsLCec-79ClpK4UwfcRaP-1WcRIBl7sIycQl9XKk6MgR6c95EfEF-jpLGPJce5ZbI3U7yNkYeLnt7OOhg6tZ1xY23bCwkbdihbY3XMSG25CqtEFVdedaJ0LgmgasjI2qnyDeWEXQrfn-pij2l:1uEN18:is4egQi-YuA13AvxnWRRHe0vN4q7bi-HPAKdc-HOjgU", "expire_date": "2025-05-26T06:52:02.747Z"}}, {"model": "sessions.session", "pk": "abuoeq2krwrghog6rmxfoyie9yixywdp", "fields": {"session_data": "eyJjdXJyZW5jeSI6IlVTRCJ9:1uEPCP:nruxcj_NmK7fSjS5ircwifo4ikf5CzqEhkuHYlAOhsY", "expire_date": "2025-05-26T09:11:49.667Z"}}, {"model": "sessions.session", "pk": "b6avm42c5fg976g120j0844t9409we0m", "fields": {"session_data": ".eJxVjLEOgjAURf-ls2loaUtxNK5Oxrl57_VVUFKSAoMx_ruQsLCec-79ClpK4UwfcRaP-1WcRIBl7sIycQl9XKk6MgR6c95EfEF-jpLGPJce5ZbI3U7yNkYeLnt7OOhg6tZ1xY23bCwkbdihbY3XMSG25CqtEFVdedaJ0LgmgasjI2qnyDeWEXQrfn-pij2l:1uCvnc:qax2Y9TvAcnsXZ_o6gffpr6d4hBw-vaLBz9cwCFClEA", "expire_date": "2025-05-22T07:36:08.744Z"}}, {"model": "sessions.session", "pk": "c99tor2v87fp0vhh7865x2sofhup306s", "fields": {"session_data": "eyJjdXJyZW5jeSI6IlVTRCJ9:1uEjwG:rZJhNC-YrAM_qjN2QjfIGXO8GgBJju9IC2eMeazL6xU", "expire_date": "2025-05-27T07:20:32.267Z"}}, {"model": "sessions.session", "pk": "d10o4lpcy20s57fp14y0klmazdr39zjt", "fields": {"session_data": "eyJjdXJyZW5jeSI6IlVTRCJ9:1uDQog:raFkj9k7kJUOqlXauuOvw4X0OBDd-QFQkTGhPXyUsK8", "expire_date": "2025-05-23T16:43:18.370Z"}}, {"model": "sessions.session", "pk": "e9kpxhzi1z5c1tztr5lygo5p1si7vyk0", "fields": {"session_data": "eyJjdXJyZW5jeSI6IlVTRCJ9:1uDMbf:sd3YNKAFLJ6Jsp0BfStpJaK1hl4xPCq0RIkKSeitKBs", "expire_date": "2025-05-23T12:13:35.386Z"}}, {"model": "sessions.session", "pk": "g75vsormubdqqc3sbb02vvjsf7trjdf1", "fields": {"session_data": "eyJjdXJyZW5jeSI6IlVTRCJ9:1uDLbW:QcJqDCAtD32pVguKoK54E8YaJbwbX3CmQraJEWMurpo", "expire_date": "2025-05-23T11:09:22.888Z"}}, {"model": "sessions.session", "pk": "g9ofqvneoc1itz70hxf5ml25o18caime", "fields": {"session_data": ".eJxVjLEOgjAURf-ls2loaUtxNK5Oxrl57_VVUFKSAoMx_ruQsLCec-79ClpK4UwfcRaP-1WcRIBl7sIycQl9XKk6MgR6c95EfEF-jpLGPJce5ZbI3U7yNkYeLnt7OOhg6tZ1xY23bCwkbdihbY3XMSG25CqtEFVdedaJ0LgmgasjI2qnyDeWEXQrfn-pij2l:1uDi4u:DyDv5lvVp-hPlmGseYWGzuh1chyh4pC4P-rmUfCXodE", "expire_date": "2025-05-24T11:09:12.442Z"}}, {"model": "sessions.session", "pk": "iljg4eap159cjwm08o7m8xcc7tkc49gr", "fields": {"session_data": ".eJxVjLEOgjAURf-ls2loaUtxNK5Oxrl57_VVUFKSAoMx_ruQsLCec-79ClpK4UwfcRaP-1WcRIBl7sIycQl9XKk6MgR6c95EfEF-jpLGPJce5ZbI3U7yNkYeLnt7OOhg6tZ1xY23bCwkbdihbY3XMSG25CqtEFVdedaJ0LgmgasjI2qnyDeWEXQrfn-pij2l:1uEmlm:lHbY_U_sLRpgJvpmoKfnAP0_CxCWNrZ5IC6ga5txeDc", "expire_date": "2025-05-27T10:21:54.721Z"}}, {"model": "sessions.session", "pk": "ittgi5cz7n69osl70r0pt2vma2ydf43n", "fields": {"session_data": ".eJxVjL0OwiAYRd-F2RAKtoCjcXUyzg18P1I1kNB2MMZ3t026dD3n3PsVMNdKGT7iJO63iziIPsxT6ueRaj_gQs2exQAvyqvAZ8iPIqHkqQ5Rronc7CivBel93trdQQpjWtbaBsfQcseaj7Yh1h2yIeVVo03rHSJa612ITEajYozggL1W0VFjHYrfH7chPfQ:1uDR3d:a1VpVY2_Q_uWvjrSoaYE1MhcE6yQWkL9BiKNtnT9-3g", "expire_date": "2025-05-23T16:58:45.271Z"}}, {"model": "sessions.session", "pk": "ky97bw6vxs0jf3h6sm3t96yflkl7uggk", "fields": {"session_data": ".eJxVjLEOgjAURf-ls2loaUtxNK5Oxrl57_VVUFKSAoMx_ruQsLCec-79ClpK4UwfcRaP-1WcRIBl7sIycQl9XKk6MgR6c95EfEF-jpLGPJce5ZbI3U7yNkYeLnt7OOhg6tZ1xY23bCwkbdihbY3XMSG25CqtEFVdedaJ0LgmgasjI2qnyDeWEXQrfn-pij2l:1uDGvF:Llm988VY4avJ22Hc-Im_AyaEfXTj8yPdb7pe8Bmo5Xk", "expire_date": "2025-05-23T06:09:25.953Z"}}, {"model": "sessions.session", "pk": "l0opje766h1okatntwxu8ort6pzgbcux", "fields": {"session_data": ".eJxVjLEOgjAURf-ls2loaUtxNK5Oxrl57_VVUFKSAoMx_ruQsLCec-79ClpK4UwfcRaP-1WcRIBl7sIycQl9XKk6MgR6c95EfEF-jpLGPJce5ZbI3U7yNkYeLnt7OOhg6tZ1xY23bCwkbdihbY3XMSG25CqtEFVdedaJ0LgmgasjI2qnyDeWEXQrfn-pij2l:1uDZqr:VtnBWbYj1HW8ZwWw4ogCbXr0EYa7hiicFjiOa3tWg6o", "expire_date": "2025-05-24T02:22:09.040Z"}}, {"model": "sessions.session", "pk": "lehkn33zmfpamqtjhn2tzemuqf7bdtcn", "fields": {"session_data": ".eJxVjLEOwjAMRP8lM4po08QKI2JlQsyVYzu0gFIpaQeE-HdSqUvHe_fuvoqWnCXRR53U_XZRB9XjMg_9UiT3I1dq9ywgvSStBT8xPSZNU5rzGPSq6K0t-jqxvM-buzsYsAx1HY7QRZKOwYDz0KB3XpxDAivsrG9NbKAmckaiadi2jMbHAJ1QZAvq9welED2e:1uDICF:e7bfxLSkLVWR7kfjrSTxtWZ_yPU0eQfdMCpfJM8BWtw", "expire_date": "2025-05-23T07:31:03.033Z"}}, {"model": "sessions.session", "pk": "li2ahvs8h1xrg0h80u3310uw6jx2cr8y", "fields": {"session_data": ".eJxVjLEOwiAURf-F2RAeIC2OxtXJOBN479VWDSS0HYzx322TLl3POfd-Bc61csaPOIn77SIOIsR56sM8cg0DLRT2LEV8cV4FPWN-FIklT3VIck3kZkd5LcTv89buDvo49staNdS0piOVWLnWJe-QERQrhKbzCR1pa8BY8lYb9KCNpmgxtt6i83AUvz-cYTy0:1uTlC6:dnZvbfdHVZdrOhJcrjHIx9X7eRyCiMUEAZRgxFyjTko", "expire_date": "2025-07-07T17:42:58.641Z"}}, {"model": "sessions.session", "pk": "mzshggevb5bm7l40ax29420xzbrfw1sc", "fields": {"session_data": ".eJxVjL0KwjAYAN8ls4Q2CUnqKK5O4ly-v9qqJJC0g4jvroUuXe-O-yhaSpFEb3VUt-tZHVQPyzz2S5XST_yn7Z4h0FPSKvgB6Z415TSXCfWa6M1Wfcksr9PW7gYj1HHdNgKd64C9hTY6Y1wIsWFHwBBt4BB4CGLRUKTBs0i03oBHdMZKJ6i-P59uPa8:1uSxER:4aqxPlFt6r_lufxXKcQY8ITs3mB-0l4N2q663YVom9o", "expire_date": "2025-07-05T12:22:03.000Z"}}, {"model": "sessions.session", "pk": "qlrjqjsp4juqsl9d41uv2b53axvb4e8z", "fields": {"session_data": ".eJxVjLEOgjAURf-ls2loaUtxNK5Oxrl57_VVUFKSAoMx_ruQsLCec-79ClpK4UwfcRaP-1WcRIBl7sIycQl9XKk6MgR6c95EfEF-jpLGPJce5ZbI3U7yNkYeLnt7OOhg6tZ1xY23bCwkbdihbY3XMSG25CqtEFVdedaJ0LgmgasjI2qnyDeWEXQrfn-pij2l:1uFAZG:OsJWYePuTxOygPnh6VATpul2BmjOEhiZMPsADfBDTmA", "expire_date": "2025-05-28T11:46:34.232Z"}}, {"model": "sessions.session", "pk": "rk3c6sjubf14kz5zck6ueqexzcvsi1vd", "fields": {"session_data": ".eJxVjLEOgjAURf-ls2loaUtxNK5Oxrl57_VVUFKSAoMx_ruQsLCec-79ClpK4UwfcRaP-1WcRIBl7sIycQl9XKk6MgR6c95EfEF-jpLGPJce5ZbI3U7yNkYeLnt7OOhg6tZ1xY23bCwkbdihbY3XMSG25CqtEFVdedaJ0LgmgasjI2qnyDeWEXQrfn-pij2l:1uDbQ4:tKRFzaDluEFbANYHXl8II5DuCZ-LqSWS1w0BWbaBp5Q", "expire_date": "2025-05-24T04:02:36.007Z"}}, {"model": "sessions.session", "pk": "rkukaukh45syksxw0uh6d0fsyo1iu76m", "fields": {"session_data": ".eJxVjLEOgjAURf-ls2loaUtxNK5Oxrl57_VVUFKSAoMx_ruQMOh6z7nnLQIscxeWiUvoozgKJQ6_GwI9OW8gPiDfR0ljnkuPclPkTid5GSMPp939C3Qwdeu74sZbNhaSNuzQtsbrmBBbcpVWiKquPOtEaFyTwNWREbVT5BvLCLpdo7SUwplea-12PYvPF9p7PaU:1uDRAD:TLNLUbFdJsJqny7teDA9ha4d1hbCIRtjVSmTLBp-tZU", "expire_date": "2025-05-23T17:05:33.428Z"}}, {"model": "sessions.session", "pk": "rtmz4leal984z8sdxnvyo9h1arv044ia", "fields": {"session_data": "eyJjdXJyZW5jeSI6IlVTRCJ9:1uDjBU:6y5nhQL-b89zKV4At8K-kpfI4hyMZkQ5kmjNEHlb9ZQ", "expire_date": "2025-05-24T12:20:04.667Z"}}, {"model": "sessions.session", "pk": "skirn8b8zx7pd74mhov8fcwfoq0vg7c4", "fields": {"session_data": "eyJjdXJyZW5jeSI6IlVTRCJ9:1uEPbJ:vDtGWqKTPWt_8PArK1GCsuQtydJtahn39DzM0MS1pik", "expire_date": "2025-05-26T09:37:33.285Z"}}, {"model": "sessions.session", "pk": "sy1df9jo7noxkjsvg66k7fmz9phsc9e5", "fields": {"session_data": "eyJjdXJyZW5jeSI6IlVTRCJ9:1uEPC2:876aN3eSHoN95FJ-K-wFffDf8uMfnXqBr0N-ApwJmxw", "expire_date": "2025-05-26T09:11:26.662Z"}}, {"model": "sessions.session", "pk": "tw9tfhyezh51vxe8r2tfvrl1p1j9r2gm", "fields": {"session_data": ".eJxVjEEOgyAQRe_CuiGDoEiXblw16Q3MMAzVtoEEddE0vXs1ceP2vff_V9BaCif6iKvou7u4iAHXZRzWmcswhY1WZ-aRXpx2EZ6YHllSTkuZvNwTedhZ3nLgd3e0p4MR53FbQ91YdNoiREOtM1q1hKputPcmelcpF6NVwTGHAAANxdZXrAGVAeuYxO8Pg0k9AQ:1uEkAg:fYctH5Zds9jvwouIYkg9QmqFy2hJqEDNc9pVBtksPTs", "expire_date": "2025-05-27T07:35:26.801Z"}}, {"model": "sessions.session", "pk": "uvtwsy8my2o1yomfwtz2k7ktaiydnmf8", "fields": {"session_data": ".eJxVjLEOgjAURf-ls2loaUtxNK5Oxrl57_VVUFKSAoMx_ruQsLCec-79ClpK4UwfcRaP-1WcRIBl7sIycQl9XKk6MgR6c95EfEF-jpLGPJce5ZbI3U7yNkYeLnt7OOhg6tZ1xY23bCwkbdihbY3XMSG25CqtEFVdedaJ0LgmgasjI2qnyDeWEXQrfn-pij2l:1uSuiu:1k1pivpbGyGlRXsYFn_cGCDjHQfkyvL1hzPNLDO0nNg", "expire_date": "2025-07-05T09:41:20.420Z"}}, {"model": "sessions.session", "pk": "vc4s4andhd1ul41e49q881mul517fa2d", "fields": {"session_data": ".eJxVjLEOgjAURf-ls2leaaHU0bg6Gefm9fVVUFKSAoMx_ruQsLCec-79ClpK4UwfcRaP-1WchMdl7vwycfF9XGl1ZAHpzXkT8YX5OUoa81z6ILdE7naStzHycNnbw0GHU7euoW4sOm0RkqHWGa1aQlU3OgSTgquUS8mq6JhjBICGUhsq1oDKgHVM4vcHkE09FA:1uEoTh:IR4exNXBgsFsThZMUSl2wK9BebkhV0HOBQBhB01dfko", "expire_date": "2025-05-27T12:11:21.572Z"}}, {"model": "sessions.session", "pk": "vw2914fgtbd3nwiw03rdlt85bjb5fjgn", "fields": {"session_data": ".eJxVjLEOgjAURf-ls2loaUtxNK5Oxrl57_VVUFKSAoMx_ruQsLCec-79ClpK4UwfcRaP-1WcRIBl7sIycQl9XKk6MgR6c95EfEF-jpLGPJce5ZbI3U7yNkYeLnt7OOhg6tZ1xY23bCwkbdihbY3XMSG25CqtEFVdedaJ0LgmgasjI2qnyDeWEXQrfn-pij2l:1uDkP6:Krh4vUhxRICkGg8uWZo5HLPgWFRFPcP8lbfroDCURLE", "expire_date": "2025-05-24T13:38:12.530Z"}}, {"model": "accounts.account", "pk": 1, "fields": {"password": "pbkdf2_sha256$600000$PjxWVU5MdfddkSG8W5MD4r$tpZRppkuzlaQLMmC1493w96V+fUTTZJaRoshX/E1Jtk=", "first_name": "sujan", "last_name": "dotel", "user_name": "sujan", "email": "testing@gmail.com", "phone_number": "9828978984", "date_joined": "2025-05-08T07:35:57.901Z", "last_login": "2025-06-23T17:42:58.633Z", "is_admin": true, "is_staff": true, "is_active": true, "is_superadmin": true}}, {"model": "accounts.account", "pk": 2, "fields": {"password": "pbkdf2_sha256$600000$bAmAi41mSVs16tVvJYNmyd$kLIj8Y1ijzoJ6/qofzDfJDE9/Oraascc4KUaeM4hQfU=", "first_name": "Sujan", "last_name": "Dotel", "user_name": "pas078bct043", "email": "pas078bct043@wrc.edu.np", "phone_number": "9828978984", "date_joined": "2025-05-08T07:38:25.370Z", "last_login": "2025-06-22T14:51:54.755Z", "is_admin": false, "is_staff": false, "is_active": true, "is_superadmin": false}}, {"model": "accounts.account", "pk": 3, "fields": {"password": "pbkdf2_sha256$1000000$ZJdzE7PSc8q146UvYHJB2M$j9K2oB/BluGk0skDoIdFtkSbL4QP5s8OURYiQaw5ILw=", "first_name": "sandip", "last_name": "dhakal", "user_name": "sandip", "email": "sandip@gmail.com", "phone_number": "", "date_joined": "2025-05-09T05:03:45.903Z", "last_login": "2025-05-09T16:58:45.261Z", "is_admin": true, "is_staff": true, "is_active": true, "is_superadmin": true}}, {"model": "accounts.account", "pk": 6, "fields": {"password": "pbkdf2_sha256$1000000$flzZFkXfBMdJ8b1HrYXjOf$NCoUDwgc5FKKhTpYrGDZKXyr+r/1ztr+g9R/sEx3byk=", "first_name": "Sujan", "last_name": "Dotel", "user_name": "movingwithtrend96", "email": "movingwithtrend96@gmail.com", "phone_number": "9828978984", "date_joined": "2025-05-09T11:01:49.858Z", "last_login": "2025-05-09T11:01:49.859Z", "is_admin": false, "is_staff": false, "is_active": false, "is_superadmin": false}}, {"model": "accounts.account", "pk": 7, "fields": {"password": "pbkdf2_sha256$1000000$TC0cHbzMKdzalkyrmBsKj6$Ic17/GtcU22JeyRpOtM1FWBYNhEIh4MeXxB9Yx4Up8w=", "first_name": "Sujan", "last_name": "Dotel", "user_name": "sujandotel200", "email": "sujandotel200@gmail.com", "phone_number": "9828978984", "date_joined": "2025-05-09T11:02:40.291Z", "last_login": "2025-05-09T11:03:53.310Z", "is_admin": false, "is_staff": false, "is_active": true, "is_superadmin": false}}, {"model": "accounts.account", "pk": 8, "fields": {"password": "pbkdf2_sha256$1000000$rN1iVXntzpRB543mlJjXeA$fDQW2GMfnW+JsRr2rK8JqpJVjRvg5nEni5bDbIf6dxc=", "first_name": "Sandip", "last_name": "Dhakal", "user_name": "dhakalsandip3", "email": "dhakalsandip3@gmail.com", "phone_number": "9860122645", "date_joined": "2025-05-09T16:57:34.283Z", "last_login": "2025-05-09T16:57:34.283Z", "is_admin": false, "is_staff": false, "is_active": false, "is_superadmin": false}}, {"model": "accounts.account", "pk": 11, "fields": {"password": "pbkdf2_sha256$1000000$HBU5NfBfYYAbJ0Uwpm9HcE$naKrAEhicyPU6L2mhTqwWnAnUyDPKnfBHxPQttOm8uc=", "first_name": "Sujan", "last_name": "Dotel", "user_name": "sujandotel181", "email": "sujandotel181@gmail.com", "phone_number": "9828978984", "date_joined": "2025-05-10T14:08:18.532Z", "last_login": "2025-05-13T04:18:14.602Z", "is_admin": false, "is_staff": false, "is_active": true, "is_superadmin": false}}, {"model": "accounts.userprofile", "pk": 1, "fields": {"user": 2, "address_line_1": "Mandandeupur", "address_line_2": "Ghumaune", "profile_picture": "userprofile/pshh1.jpg", "city": "Kavre", "state": "mandandeupur", "country": "Nepal"}}, {"model": "accounts.userprofile", "pk": 2, "fields": {"user": 3, "address_line_1": "Mandandeupur", "address_line_2": "Ghumaune", "profile_picture": "userprofile/images.jpg", "city": "Kavre", "state": "Gandaki Province", "country": "Nepal"}}, {"model": "accounts.userprofile", "pk": 5, "fields": {"user": 7, "address_line_1": "Mandandeupur", "address_line_2": "Ghumaune", "profile_picture": "userprofile/Screenshot_20250506_221104.jpg", "city": "Kavre", "state": "Gandaki Province", "country": "Nepal"}}, {"model": "accounts.userprofile", "pk": 6, "fields": {"user": 1, "address_line_1": "Mandandeupur", "address_line_2": "Ghumaune", "profile_picture": "userprofile/download_1_QJ1NLlm.jpg", "city": "Kavre", "state": "adf", "country": "Nepal"}}, {"model": "accounts.userprofile", "pk": 9, "fields": {"user": 11, "address_line_1": "", "address_line_2": "", "profile_picture": "userprofile/Untitled_design.png", "city": "", "state": "", "country": ""}}, {"model": "store.product", "pk": 1, "fields": {"product_name": "Healing Bowl", "model_number": null, "slug": "healing-bowl", "sub_description": "", "description": "This is a Healing Bowl.It is a long established fact that a reader will be distracted by the readable content of a page when looking at its layout. The point of using Lorem Ipsum is that it has a more-or-less normal distribution of letters, as opposed to using 'Content here, content here', making it look like readable English. Many desktop publishing packages and web page editors now use Lorem Ipsum as their default model text, and a search for 'lorem ipsum' will uncover many web sites still in their infancy. Various versions have evolved over the years, sometimes by accident, sometimes on purpose The sun dipped below the horizon, casting a golden hue across the landscape. Birds soared in the twilight sky, their wings cutting through the soft evening air. The breeze whispered through the trees, carrying the scent of fresh pine and earth. It was a time when the world felt peaceful, as if nature itself was taking a quiet moment to breathe. The grass underfoot was cool, its blades gently swaying in rhythm with the wind. As the day gave way to night, the stars began to appear one by one, like tiny pinpricks of light in the vast, dark canvas above.", "image": "photos/products/image2.jpeg", "price": 100, "stock": 101, "is_available": true, "is_new_arrival": true, "is_left_banner_offer": true, "is_right_banner_offer": true, "created_date": "2025-05-08T07:36:42.766Z", "modified_date": "2025-06-23T04:11:44.354Z", "views": 1016, "category": null, "sub_category": 48}}, {"model": "store.product", "pk": 2, "fields": {"product_name": "Antique Bowl", "model_number": null, "slug": "antique-bowl", "sub_description": "", "description": "antique-bowl", "image": "photos/products/image14.jpeg", "price": 1000, "stock": 0, "is_available": true, "is_new_arrival": true, "is_left_banner_offer": false, "is_right_banner_offer": false, "created_date": "2025-05-08T07:36:42.765Z", "modified_date": "2025-06-21T09:07:57.611Z", "views": 75, "category": null, "sub_category": 47}}, {"model": "store.product", "pk": 3, "fields": {"product_name": "7 Chakra Healing Tunned Singing Bowl", "model_number": null, "slug": "7-chakra-healing-tunned-singing-bowl", "sub_description": "", "description": "7 Chakra Healing Tunned Singing Bowl", "image": "photos/products/image10.jpeg", "price": 200, "stock": 30, "is_available": true, "is_new_arrival": true, "is_left_banner_offer": false, "is_right_banner_offer": false, "created_date": "2025-05-08T07:36:42.764Z", "modified_date": "2025-06-21T09:08:00.915Z", "views": 44, "category": null, "sub_category": 46}}, {"model": "store.product", "pk": 4, "fields": {"product_name": "Singing Bowl", "model_number": "SMH-27", "slug": "singing-bowl", "sub_description": "", "description": "Singing Bowl", "image": "photos/products/image8.jpeg", "price": 300, "stock": 7, "is_available": true, "is_new_arrival": true, "is_left_banner_offer": false, "is_right_banner_offer": false, "created_date": "2025-05-08T07:36:42.763Z", "modified_date": "2025-06-21T06:27:28.504Z", "views": 50, "category": null, "sub_category": 45}}, {"model": "store.product", "pk": 5, "fields": {"product_name": "Rudrakshya", "model_number": null, "slug": "rudrakshya", "sub_description": "", "description": "Rudrakshya", "image": "photos/products/image7.jpeg", "price": 200, "stock": 87, "is_available": true, "is_new_arrival": true, "is_left_banner_offer": false, "is_right_banner_offer": false, "created_date": "2025-05-08T07:36:42.762Z", "modified_date": "2025-06-21T11:36:37.338Z", "views": 243, "category": null, "sub_category": 44}}, {"model": "store.product", "pk": 6, "fields": {"product_name": "Black Bowl", "model_number": null, "slug": "black-bowl", "sub_description": "", "description": "Black Bowl", "image": "photos/products/image6.jpeg", "price": 200, "stock": 8, "is_available": true, "is_new_arrival": true, "is_left_banner_offer": false, "is_right_banner_offer": false, "created_date": "2025-05-08T07:36:42.760Z", "modified_date": "2025-06-22T14:51:58.309Z", "views": 34, "category": null, "sub_category": 43}}, {"model": "store.product", "pk": 7, "fields": {"product_name": "Sound Note", "model_number": null, "slug": "sound-note", "sub_description": "", "description": "Sound Note", "image": "photos/products/image11.jpeg", "price": 100, "stock": 20, "is_available": true, "is_new_arrival": false, "is_left_banner_offer": false, "is_right_banner_offer": false, "created_date": "2025-05-08T07:36:42.759Z", "modified_date": "2025-05-14T07:33:19.089Z", "views": 2, "category": null, "sub_category": 42}}, {"model": "store.product", "pk": 8, "fields": {"product_name": "Antique Rudrakshya", "model_number": null, "slug": "antique-rudrakshya", "sub_description": "", "description": "Antique Rudrakshya", "image": "photos/products/image15.jpeg", "price": 200, "stock": 21, "is_available": true, "is_new_arrival": false, "is_left_banner_offer": false, "is_right_banner_offer": false, "created_date": "2025-05-08T07:36:42.758Z", "modified_date": "2025-05-14T07:33:06.558Z", "views": 6, "category": null, "sub_category": 41}}, {"model": "store.product", "pk": 9, "fields": {"product_name": "Full Moon Singing Bowl", "model_number": null, "slug": "full-moon-singing-bowl", "sub_description": "", "description": "Full Moon Singing Bowl", "image": "photos/products/image10.jpeg", "price": 100, "stock": 12, "is_available": true, "is_new_arrival": false, "is_left_banner_offer": false, "is_right_banner_offer": false, "created_date": "2025-05-08T07:36:42.757Z", "modified_date": "2025-05-14T07:32:55.484Z", "views": 1, "category": null, "sub_category": 40}}, {"model": "store.product", "pk": 10, "fields": {"product_name": "Yoga Bowl", "model_number": null, "slug": "yoga-bowl", "sub_description": "", "description": "Yoga Bowl", "image": "photos/products/image13.jpeg", "price": 123, "stock": 23, "is_available": true, "is_new_arrival": false, "is_left_banner_offer": false, "is_right_banner_offer": false, "created_date": "2025-05-08T07:36:42.755Z", "modified_date": "2025-05-14T07:32:42.631Z", "views": 1, "category": null, "sub_category": 39}}, {"model": "store.product", "pk": 11, "fields": {"product_name": "Root Chakra", "model_number": null, "slug": "root-chakra", "sub_description": "", "description": "Root Chakra", "image": "photos/products/image12.jpeg", "price": 234, "stock": 23, "is_available": true, "is_new_arrival": false, "is_left_banner_offer": false, "is_right_banner_offer": false, "created_date": "2025-05-08T07:36:42.753Z", "modified_date": "2025-05-14T07:32:25.659Z", "views": 5, "category": null, "sub_category": 38}}, {"model": "store.product", "pk": 12, "fields": {"product_name": "Therapy Bowl", "model_number": null, "slug": "therapy-bowl", "sub_description": "", "description": "Therapy Bowl", "image": "photos/products/image5.jpeg", "price": 123, "stock": 0, "is_available": true, "is_new_arrival": false, "is_left_banner_offer": false, "is_right_banner_offer": false, "created_date": "2025-05-08T07:36:42.751Z", "modified_date": "2025-05-14T07:32:11.399Z", "views": 0, "category": null, "sub_category": 37}}, {"model": "store.product", "pk": 13, "fields": {"product_name": "Gauley Madal", "model_number": "SMH-37", "slug": "gauley-madal", "sub_description": "", "description": "This is a Healing Bowl.It is a long established fact that a reader will be distracted by the readable \r\n\r\n\r\ncontent of a page when looking at its layout. The point of using Lorem Ipsum is that it has a more-or-\r\n\r\nless normal distribution of letters, as opposed to using 'Content here, content here', making it look like", "image": "photos/products/madal.jpg", "price": 20, "stock": 94, "is_available": true, "is_new_arrival": true, "is_left_banner_offer": false, "is_right_banner_offer": false, "created_date": "2025-05-08T07:36:42.749Z", "modified_date": "2025-06-22T11:14:59.940Z", "views": 190, "category": null, "sub_category": 36}}, {"model": "store.product", "pk": 14, "fields": {"product_name": "SandalWood Mala", "model_number": null, "slug": "sandalwood-mala", "sub_description": "", "description": "sandalwood-mala", "image": "photos/products/sandalwood_mala.jpg", "price": 10, "stock": 99, "is_available": true, "is_new_arrival": false, "is_left_banner_offer": false, "is_right_banner_offer": false, "created_date": "2025-05-08T07:36:42.746Z", "modified_date": "2025-05-14T07:31:46.340Z", "views": 5, "category": null, "sub_category": 35}}, {"model": "store.product", "pk": 15, "fields": {"product_name": "Damaru", "model_number": null, "slug": "damaru", "sub_description": "ddddddddddmmmmmmmrrrrrrrruuuuuu", "description": "damaru", "image": "photos/products/damaru.jpg", "price": 12, "stock": 12, "is_available": true, "is_new_arrival": true, "is_left_banner_offer": false, "is_right_banner_offer": false, "created_date": "2025-05-12T15:57:43.294Z", "modified_date": "2025-05-14T07:31:36.454Z", "views": 7, "category": null, "sub_category": 34}}, {"model": "store.product", "pk": 16, "fields": {"product_name": "cjrvjnj", "model_number": null, "slug": "cjrvjnj", "sub_description": "", "description": "", "image": "photos/products/Himalayan_cjrvinj.jpg", "price": 100, "stock": 10, "is_available": true, "is_new_arrival": false, "is_left_banner_offer": false, "is_right_banner_offer": false, "created_date": "2025-05-13T16:45:54.730Z", "modified_date": "2025-05-14T07:30:51.256Z", "views": 0, "category": null, "sub_category": 33}}, {"model": "store.product", "pk": 17, "fields": {"product_name": "cjrvjnjasdfd", "model_number": null, "slug": "cjrvjasfnj", "sub_description": "", "description": "", "image": "photos/products/Himalayan_cjrvinj.jpg", "price": 100, "stock": 10, "is_available": true, "is_new_arrival": false, "is_left_banner_offer": false, "is_right_banner_offer": false, "created_date": "2025-05-14T06:19:00.953Z", "modified_date": "2025-05-14T07:50:22.093Z", "views": 1, "category": null, "sub_category": 32}}, {"model": "store.product", "pk": 18, "fields": {"product_name": "Damaruafdsd", "model_number": null, "slug": "damaasdfru", "sub_description": "ddddddddddmmmmmmmrrrrrrrruuuuuu", "description": "asddfasf", "image": "photos/products/damaru.jpg", "price": 12, "stock": 12, "is_available": true, "is_new_arrival": true, "is_left_banner_offer": false, "is_right_banner_offer": false, "created_date": "2025-05-14T06:19:00.960Z", "modified_date": "2025-05-14T07:30:28.845Z", "views": 7, "category": null, "sub_category": 31}}, {"model": "store.product", "pk": 19, "fields": {"product_name": "SandalWood Malaasf", "model_number": null, "slug": "sandalwood-malaasdf", "sub_description": "", "description": "sandalwood-malaasdfd", "image": "photos/products/sandalwood_mala.jpg", "price": 10, "stock": 99, "is_available": true, "is_new_arrival": false, "is_left_banner_offer": false, "is_right_banner_offer": false, "created_date": "2025-05-14T06:19:00.965Z", "modified_date": "2025-05-14T07:30:17.338Z", "views": 5, "category": null, "sub_category": 30}}, {"model": "store.product", "pk": 20, "fields": {"product_name": "Gauley Madalasdfasd", "model_number": "SMH-3asf7", "slug": "gauley-madaladf", "sub_description": "", "description": "asdf", "image": "photos/products/madal.jpg", "price": 20, "stock": 0, "is_available": true, "is_new_arrival": true, "is_left_banner_offer": false, "is_right_banner_offer": false, "created_date": "2025-05-14T06:19:00.971Z", "modified_date": "2025-06-21T11:36:26.052Z", "views": 1, "category": null, "sub_category": 29}}, {"model": "store.product", "pk": 21, "fields": {"product_name": "Therapy Bowlasdfasd", "model_number": null, "slug": "therapy-bowlaf", "sub_description": "", "description": "Therapy Bowlasfd", "image": "photos/products/image5.jpeg", "price": 123, "stock": 0, "is_available": true, "is_new_arrival": false, "is_left_banner_offer": false, "is_right_banner_offer": false, "created_date": "2025-05-14T06:19:00.976Z", "modified_date": "2025-05-14T07:29:57.668Z", "views": 0, "category": null, "sub_category": 28}}, {"model": "store.product", "pk": 22, "fields": {"product_name": "Root Chakraasdf", "model_number": null, "slug": "root-chakraafdd", "sub_description": "", "description": "Root Chakraasfd", "image": "photos/products/image12.jpeg", "price": 234, "stock": 23, "is_available": true, "is_new_arrival": false, "is_left_banner_offer": false, "is_right_banner_offer": false, "created_date": "2025-05-14T06:19:00.981Z", "modified_date": "2025-05-14T07:29:44.765Z", "views": 5, "category": null, "sub_category": 27}}, {"model": "store.product", "pk": 23, "fields": {"product_name": "Yoga Bowlasdf", "model_number": null, "slug": "yoga-bowlasfd", "sub_description": "", "description": "Yoga Bowlasf", "image": "photos/products/image13.jpeg", "price": 123, "stock": 23, "is_available": true, "is_new_arrival": false, "is_left_banner_offer": false, "is_right_banner_offer": false, "created_date": "2025-05-14T06:19:00.985Z", "modified_date": "2025-05-14T07:29:33.311Z", "views": 1, "category": null, "sub_category": 26}}, {"model": "store.product", "pk": 24, "fields": {"product_name": "Full Moon Singinasdfg Bowl", "model_number": null, "slug": "full-moon-singiasfdng-bowl", "sub_description": "", "description": "Full Moon Singing Bowl", "image": "photos/products/image10.jpeg", "price": 100, "stock": 12, "is_available": true, "is_new_arrival": false, "is_left_banner_offer": false, "is_right_banner_offer": false, "created_date": "2025-05-14T06:19:00.987Z", "modified_date": "2025-05-14T07:29:22.823Z", "views": 1, "category": null, "sub_category": 25}}, {"model": "store.product", "pk": 25, "fields": {"product_name": "Antique Rudrakshyaafd", "model_number": null, "slug": "antique-rudraksafhya", "sub_description": "", "description": "Antique Rudrakshya", "image": "photos/products/image15.jpeg", "price": 200, "stock": 21, "is_available": true, "is_new_arrival": false, "is_left_banner_offer": false, "is_right_banner_offer": false, "created_date": "2025-05-14T06:19:00.991Z", "modified_date": "2025-05-14T07:29:00.025Z", "views": 6, "category": null, "sub_category": 24}}, {"model": "store.product", "pk": 26, "fields": {"product_name": "Sound Noteasdf", "model_number": null, "slug": "sound-noteadf", "sub_description": "", "description": "Sound Noteasddfd", "image": "photos/products/image11.jpeg", "price": 100, "stock": 20, "is_available": true, "is_new_arrival": false, "is_left_banner_offer": false, "is_right_banner_offer": false, "created_date": "2025-05-14T06:19:00.996Z", "modified_date": "2025-05-14T07:28:26.953Z", "views": 2, "category": null, "sub_category": 23}}, {"model": "store.product", "pk": 27, "fields": {"product_name": "Black Bowlasdfd", "model_number": null, "slug": "black-bowlaf", "sub_description": "", "description": "Black Bowlasfd", "image": "photos/products/image6.jpeg", "price": 200, "stock": 10, "is_available": true, "is_new_arrival": true, "is_left_banner_offer": false, "is_right_banner_offer": false, "created_date": "2025-05-14T06:19:01.000Z", "modified_date": "2025-05-14T07:28:13.133Z", "views": 24, "category": null, "sub_category": 22}}, {"model": "store.product", "pk": 28, "fields": {"product_name": "Rudrakshyaasdf", "model_number": null, "slug": "rudrakshyaasdfd", "sub_description": "", "description": "Rudrakshyaasdf", "image": "photos/products/image7.jpeg", "price": 200, "stock": 0, "is_available": true, "is_new_arrival": true, "is_left_banner_offer": false, "is_right_banner_offer": false, "created_date": "2025-05-14T06:19:01.003Z", "modified_date": "2025-05-14T08:30:57.408Z", "views": 0, "category": null, "sub_category": 21}}, {"model": "store.product", "pk": 29, "fields": {"product_name": "Singing Bowlasdfd", "model_number": "SMH-2asf7", "slug": "singing-bowlasf", "sub_description": "", "description": "Singing Bowlasfd", "image": "photos/products/image8.jpeg", "price": 300, "stock": 8, "is_available": true, "is_new_arrival": true, "is_left_banner_offer": false, "is_right_banner_offer": false, "created_date": "2025-05-14T06:19:01.012Z", "modified_date": "2025-05-14T06:24:54.858Z", "views": 49, "category": null, "sub_category": 20}}, {"model": "store.product", "pk": 30, "fields": {"product_name": "7 Chakra Healing Tunned Singing sdfBowl", "model_number": null, "slug": "7-chakra-healinasdfg-tunned-singing-bowl", "sub_description": "", "description": "7 Chakra Healing Tunned Singing Bowlasdfasdddf", "image": "photos/products/image10.jpeg", "price": 200, "stock": 31, "is_available": true, "is_new_arrival": true, "is_left_banner_offer": false, "is_right_banner_offer": false, "created_date": "2025-05-14T06:19:01.015Z", "modified_date": "2025-05-14T06:19:59.417Z", "views": 41, "category": null, "sub_category": 19}}, {"model": "store.product", "pk": 31, "fields": {"product_name": "Antique Bowlfa", "model_number": null, "slug": "antique-bowlasdf", "sub_description": "", "description": "antique-bowlasdfdsddd", "image": "photos/products/image14.jpeg", "price": 1000, "stock": 0, "is_available": true, "is_new_arrival": true, "is_left_banner_offer": false, "is_right_banner_offer": false, "created_date": "2025-05-14T06:19:01.019Z", "modified_date": "2025-05-14T09:18:59.584Z", "views": 76, "category": null, "sub_category": 18}}, {"model": "store.product", "pk": 32, "fields": {"product_name": "asfd", "model_number": null, "slug": "asddfd", "sub_description": "", "description": "asf", "image": "photos/products/image2.jpeg", "price": 100, "stock": 118, "is_available": true, "is_new_arrival": true, "is_left_banner_offer": false, "is_right_banner_offer": false, "created_date": "2025-05-14T06:19:01.023Z", "modified_date": "2025-05-14T09:14:06.594Z", "views": 1, "category": null, "sub_category": 17}}, {"model": "store.carouselitem", "pk": 1, "fields": {"title": "first", "description": "asdfffffffffffffffffffffffffffasdfadsfasdfassfasdfasdfasdfffffffffffffffffffffffffffffffffffffffffffffffffffffffffffffffffffffffffffffffffffffffffffffffffffffffffff", "image": "carousel_images/pshh2_4rMEnkq.jpg", "slug": "first"}}, {"model": "store.carouselitem", "pk": 2, "fields": {"title": "second", "description": "adsfasdfasdfasfasdfsadfasd", "image": "carousel_images/pshh4_xGNedXO.jpg", "slug": "second"}}, {"model": "store.carouselitem", "pk": 3, "fields": {"title": "third", "description": "adfadsfweqfqewfqwefewrfewrqw", "image": "carousel_images/pshh3_Iib4ERm.jpg", "slug": "third"}}, {"model": "store.carouselitem", "pk": 4, "fields": {"title": "fourth", "description": "adfasdfasdfasdfasdfasdfasdfafasdfadsf", "image": "carousel_images/pshh1_cqOq7Af.jpg", "slug": "fourth"}}, {"model": "store.variation", "pk": 1, "fields": {"product": 5, "variation_category": "size", "variation_value": "large", "model_number": "sdf", "sub_description": "", "price": 500, "is_active": true, "created_date": "2025-06-21T03:50:56.421Z"}}, {"model": "store.variation", "pk": 2, "fields": {"product": 5, "variation_category": "size", "variation_value": "medium", "model_number": "sew", "sub_description": "", "price": 450, "is_active": true, "created_date": "2025-06-21T03:50:51.259Z"}}, {"model": "store.variation", "pk": 3, "fields": {"product": 5, "variation_category": "size", "variation_value": "small", "model_number": "swq", "sub_description": "", "price": 400, "is_active": true, "created_date": "2025-06-21T03:50:45.558Z"}}, {"model": "store.variation", "pk": 4, "fields": {"product": 1, "variation_category": "size", "variation_value": "medium", "model_number": "SMH-24", "sub_description": "The point of using Lorem Ipsum is that it has a more-or-less normal distribution of letters,\r\nas opposed to using 'Content here, content here', making it look\r\nlike readable English. Many desktop publishing \r\npackages and web page editors now use Lorem Ipsum as", "price": 150, "is_active": true, "created_date": "2025-06-21T02:45:59.947Z"}}, {"model": "store.variation", "pk": 5, "fields": {"product": 1, "variation_category": "size", "variation_value": "large", "model_number": "SMH-28", "sub_description": "This is a Healing Bowl.It is a long established fact that a reader will be distracted by\r\n the readable content of a page when looking at its layout.", "price": 200, "is_active": true, "created_date": "2025-06-21T02:45:42.839Z"}}, {"model": "store.productgallery", "pk": 1, "fields": {"product": 1, "image": "store/products/image3.jpeg"}}, {"model": "store.productgallery", "pk": 2, "fields": {"product": 1, "image": "store/products/image6.jpeg"}}, {"model": "store.productgallery", "pk": 3, "fields": {"product": 1, "image": "store/products/image14.jpeg"}}, {"model": "store.productgallery", "pk": 4, "fields": {"product": 1, "image": "store/products/images.jpeg"}}, {"model": "store.productgallery", "pk": 5, "fields": {"product": 1, "image": "store/products/images_2.jpeg"}}, {"model": "carts.cart", "pk": 1, "fields": {"cart_id": "sjala6n3iptclv9tvkugom02wz2gzbz1", "date_added": "2025-05-09"}}, {"model": "carts.cart", "pk": 2, "fields": {"cart_id": "aqnkz1va0e8iteffsi0e2ccdj6j9ddl0", "date_added": "2025-05-09"}}, {"model": "carts.cart", "pk": 3, "fields": {"cart_id": "px2yii804ndai94xcaj1bsynnwyuc0jj", "date_added": "2025-05-09"}}, {"model": "carts.cart", "pk": 4, "fields": {"cart_id": "eqn3ro2q07w3vdh9p45psrjciev8gsdo", "date_added": "2025-05-09"}}, {"model": "carts.cart", "pk": 5, "fields": {"cart_id": "8xfa71ry3q5yw0uthecezrf0y38sj7ve", "date_added": "2025-05-09"}}, {"model": "carts.cart", "pk": 6, "fields": {"cart_id": "svx7o14vjb4rrke99eocijj1qi95vv9p", "date_added": "2025-05-10"}}, {"model": "carts.cart", "pk": 7, "fields": {"cart_id": "2l2in9lttsjwm73a3v91oq6grw49jsu9", "date_added": "2025-05-10"}}, {"model": "carts.cart", "pk": 8, "fields": {"cart_id": "dnpb32c3y4dopnkhup1n87rh3qv5zh7q", "date_added": "2025-05-10"}}, {"model": "carts.cart", "pk": 9, "fields": {"cart_id": "fzj7y762ba2k6ntr14p2suzka9btux8t", "date_added": "2025-05-10"}}, {"model": "carts.cart", "pk": 10, "fields": {"cart_id": "7wl5xl1cgnkcsivf70is9adahnbk3g9s", "date_added": "2025-05-10"}}, {"model": "carts.cart", "pk": 11, "fields": {"cart_id": "c99tor2v87fp0vhh7865x2sofhup306s", "date_added": "2025-05-13"}}, {"model": "carts.cart", "pk": 12, "fields": {"cart_id": "nrwjexzgz1hi33hku1my7t353p9mpwkg", "date_added": "2025-05-13"}}, {"model": "carts.cart", "pk": 13, "fields": {"cart_id": "9ifwhlkdd5h7ny631y2lra5xxc3vwjeg", "date_added": "2025-06-22"}}, {"model": "carts.cartitem", "pk": 62, "fields": {"user": 11, "product": 5, "cart": null, "quantity": 12, "is_active": true, "variation": [1]}}, {"model": "carts.cartitem", "pk": 75, "fields": {"user": null, "product": 1, "cart": 11, "quantity": 1, "is_active": true, "variation": [4]}}, {"model": "carts.cartitem", "pk": 108, "fields": {"user": 2, "product": 6, "cart": null, "quantity": 1, "is_active": true, "variation": []}}, {"model": "category.category", "pk": 1, "fields": {"category_name": "Bowl", "slug": "bowl", "description": "bowl", "category_image": "photos/categories/image12_MiMDeGQ.jpeg"}}, {"model": "category.category", "pk": 2, "fields": {"category_name": "Rudrakshya", "slug": "rudrakshya", "description": "rudrakshya", "category_image": "photos/categories/image7.jpeg"}}, {"model": "category.category", "pk": 3, "fields": {"category_name": "Nepali Instrument", "slug": "nepali-instrument", "description": "nepali-instrument", "category_image": "photos/categories/madal.jpg"}}, {"model": "category.category", "pk": 4, "fields": {"category_name": "Mala", "slug": "mala", "description": "mala", "category_image": "photos/categories/sandalwood_mala.jpg"}}, {"model": "category.leftbanner", "pk": 1, "fields": {"name": "left_banner", "image": "banner/left_banner/Untitled_design.png"}}, {"model": "category.rightbanner", "pk": 1, "fields": {"name": "right_banner", "image": "banner/right_banner/Untitled_design.png"}}, {"model": "category.contactmessage", "pk": 1, "fields": {"name": "Sujan Dotel", "email": "movingwithtrend96@gmail.com", "subject": "TEST", "message": "asdf", "timestamp": "2025-05-08T17:08:13.246Z", "is_read": false}}, {"model": "category.contactmessage", "pk": 2, "fields": {"name": "Sujan Dotel", "email": "movingwithtrend96@gmail.com", "subject": "adsf", "message": "asdfasdfasdfsadfasdfsad", "timestamp": "2025-05-08T17:15:15.478Z", "is_read": true}}, {"model": "category.contactmessage", "pk": 3, "fields": {"name": "Sujan Dotel", "email": "movingwithtrend96@gmail.com", "subject": "TEST", "message": "Lorem Ipsum is simply dummy text of the printing and typesetting industry. Lorem Ipsum has been the industry's standard dummy text ever since the 1500s, when an unknown printer took a galley of type and scrambled it to make a type specimen book. It has survived not only five centuries, but also the leap into electronic typesetting, remaining essentially unchanged. It was popularised in the 1960s with the release of Letraset sheets containing Lorem Ipsum passages, and more recently with desktop publishing software like Aldus PageMaker including versions of Lorem Ipsum.", "timestamp": "2025-05-08T17:21:14.424Z", "is_read": true}}, {"model": "category.contactmessage", "pk": 4, "fields": {"name": "Sujan Dotel", "email": "Sujandotel181@gmail.com", "subject": "TEST", "message": "Is it message coming.", "timestamp": "2025-05-13T07:40:22.417Z", "is_read": true}}, {"model": "category.maincategory", "pk": 6, "fields": {"name": "Himalayan  Singing Bowls"}}, {"model": "category.maincategory", "pk": 7, "fields": {"name": "Gongs"}}, {"model": "category.maincategory", "pk": 8, "fields": {"name": "Spiritual Sound & Therapy Products"}}, {"model": "category.maincategory", "pk": 9, "fields": {"name": "Sacred Art & Symbols"}}, {"model": "category.maincategory", "pk": 10, "fields": {"name": "Ritual Product"}}, {"model": "category.maincategory", "pk": 11, "fields": {"name": "Traditional Nepali Craft"}}, {"model": "category.maincategory", "pk": 12, "fields": {"name": "Accessories"}}, {"model": "category.subcategory", "pk": 17, "fields": {"main_category": 6, "name": "Chakra/Healing Note Bowls", "slug": "chakrahealing-note-bowls"}}, {"model": "category.subcategory", "pk": 18, "fields": {"main_category": 6, "name": "Planetary Tuned Bowls", "slug": "planetary-tuned-bowls"}}, {"model": "category.subcategory", "pk": 19, "fields": {"main_category": 6, "name": "Chakra/Healing Singing Bowl Sets", "slug": "chakrahealing-singing-bowl-sets"}}, {"model": "category.subcategory", "pk": 20, "fields": {"main_category": 6, "name": "Full Moon Singing Bowls", "slug": "full-moon-singing-bowls"}}, {"model": "category.subcategory", "pk": 21, "fields": {"main_category": 6, "name": "Carved Singing Bowls", "slug": "carved-singing-bowls"}}, {"model": "category.subcategory", "pk": 22, "fields": {"main_category": 6, "name": "Antique Singing Bowls", "slug": "antique-singing-bowls"}}, {"model": "category.subcategory", "pk": 23, "fields": {"main_category": 6, "name": "Machine Made/Gulfa Bowls", "slug": "machine-madegulfa-bowls"}}, {"model": "category.subcategory", "pk": 24, "fields": {"main_category": 7, "name": "Tam-Tam Gong (Plain/Carved)", "slug": "tam-tam-gong-plaincarved"}}, {"model": "category.subcategory", "pk": 25, "fields": {"main_category": 7, "name": "Wind/Flat Gongs (Plain/Carved)", "slug": "windflat-gongs-plaincarved"}}, {"model": "category.subcategory", "pk": 26, "fields": {"main_category": 7, "name": "Nipple Gongs (Plain/Carved)", "slug": "nipple-gongs-plaincarved"}}, {"model": "category.subcategory", "pk": 27, "fields": {"main_category": 7, "name": "Mirror Gongs", "slug": "mirror-gongs"}}, {"model": "category.subcategory", "pk": 28, "fields": {"main_category": 7, "name": "Geometric Gongs (Plain/Carved)", "slug": "geometric-gongs-plaincarved"}}, {"model": "category.subcategory", "pk": 29, "fields": {"main_category": 8, "name": "Bells", "slug": "bells"}}, {"model": "category.subcategory", "pk": 30, "fields": {"main_category": 8, "name": "Tingshaws", "slug": "tingshaws"}}, {"model": "category.subcategory", "pk": 31, "fields": {"main_category": 8, "name": "Conch Shells", "slug": "conch-shells"}}, {"model": "category.subcategory", "pk": 32, "fields": {"main_category": 8, "name": "Shamanic Drum (Dhyangro)", "slug": "shamanic-drum-dhyangro"}}, {"model": "category.subcategory", "pk": 33, "fields": {"main_category": 9, "name": "Thanka Painting", "slug": "thanka-painting"}}, {"model": "category.subcategory", "pk": 34, "fields": {"main_category": 9, "name": "Statues", "slug": "statues"}}, {"model": "category.subcategory", "pk": 35, "fields": {"main_category": 9, "name": "Rituals Mask", "slug": "rituals-mask"}}, {"model": "category.subcategory", "pk": 36, "fields": {"main_category": 9, "name": "Rituals Stone", "slug": "rituals-stone"}}, {"model": "category.subcategory", "pk": 37, "fields": {"main_category": 10, "name": "Prayer Flags", "slug": "prayer-flags"}}, {"model": "category.subcategory", "pk": 38, "fields": {"main_category": 10, "name": "Prayer Beads", "slug": "prayer-beads"}}, {"model": "category.subcategory", "pk": 39, "fields": {"main_category": 10, "name": "Prayer Wheels", "slug": "prayer-wheels"}}, {"model": "category.subcategory", "pk": 40, "fields": {"main_category": 10, "name": "Herbal Incense and Burner", "slug": "herbal-incense-and-burner"}}, {"model": "category.subcategory", "pk": 41, "fields": {"main_category": 11, "name": "Nepali Khukuri", "slug": "nepali-khukuri"}}, {"model": "category.subcategory", "pk": 42, "fields": {"main_category": 11, "name": "Pasmina/Himalayan Woolen Shawl", "slug": "pasminahimalayan-woolen-shawl"}}, {"model": "category.subcategory", "pk": 43, "fields": {"main_category": 11, "name": "Felt Animal Ornaments", "slug": "felt-animal-ornaments"}}, {"model": "category.subcategory", "pk": 44, "fields": {"main_category": 11, "name": "Himalayan Salt Lamps", "slug": "himalayan-salt-lamps"}}, {"model": "category.subcategory", "pk": 45, "fields": {"main_category": 12, "name": "Cushions/Pillow", "slug": "cushionspillow"}}, {"model": "category.subcategory", "pk": 46, "fields": {"main_category": 12, "name": "Drumsticks/Mallets", "slug": "drumsticksmallets"}}, {"model": "category.subcategory", "pk": 47, "fields": {"main_category": 12, "name": "Ringer/Leather Sticks", "slug": "ringerleather-sticks"}}, {"model": "category.subcategory", "pk": 48, "fields": {"main_category": 12, "name": "Bags/Cases", "slug": "bagscases"}}, {"model": "orders.payment", "pk": 1, "fields": {"user": 2, "payment_id": "1234", "payment_method": "Esewa", "amount_paid": "1500", "status": "Completed", "created_at": "2025-05-08T07:44:16.819Z"}}, {"model": "orders.payment", "pk": 2, "fields": {"user": 2, "payment_id": "1234", "payment_method": "Esewa", "amount_paid": "1500", "status": "Completed", "created_at": "2025-05-08T07:46:00.087Z"}}, {"model": "orders.payment", "pk": 3, "fields": {"user": 2, "payment_id": "1234", "payment_method": "Esewa", "amount_paid": "1500", "status": "Completed", "created_at": "2025-05-08T08:03:23.287Z"}}, {"model": "orders.payment", "pk": 4, "fields": {"user": 2, "payment_id": "1234", "payment_method": "Esewa", "amount_paid": "1500", "status": "Completed", "created_at": "2025-05-08T08:06:23.463Z"}}, {"model": "orders.payment", "pk": 5, "fields": {"user": 2, "payment_id": "000AKI6", "payment_method": "Esewa", "amount_paid": "20.4", "status": "Completed", "created_at": "2025-05-08T09:27:22.840Z"}}, {"model": "orders.payment", "pk": 6, "fields": {"user": 2, "payment_id": "000AKIS", "payment_method": "Esewa", "amount_paid": "20.4", "status": "Completed", "created_at": "2025-05-08T09:44:37.357Z"}}, {"model": "orders.payment", "pk": 7, "fields": {"user": 2, "payment_id": "000AKJA", "payment_method": "Esewa", "amount_paid": "122.4", "status": "Completed", "created_at": "2025-05-08T10:02:58.274Z"}}, {"model": "orders.payment", "pk": 8, "fields": {"user": 2, "payment_id": "000AKLT", "payment_method": "Esewa", "amount_paid": "1,040.4", "status": "Completed", "created_at": "2025-05-08T11:30:31.986Z"}}, {"model": "orders.payment", "pk": 9, "fields": {"user": 2, "payment_id": "000AKNM", "payment_method": "Esewa", "amount_paid": "918.0", "status": "Completed", "created_at": "2025-05-08T13:24:12.468Z"}}, {"model": "orders.payment", "pk": 10, "fields": {"user": 2, "payment_id": "000AKNS", "payment_method": "Esewa", "amount_paid": "102.0", "status": "Completed", "created_at": "2025-05-08T13:36:58.743Z"}}, {"model": "orders.payment", "pk": 11, "fields": {"user": 2, "payment_id": "000AKPU", "payment_method": "Esewa", "amount_paid": "204.0", "status": "Completed", "created_at": "2025-05-08T16:09:51.446Z"}}, {"model": "orders.payment", "pk": 12, "fields": {"user": 2, "payment_id": "000AKPU", "payment_method": "Esewa", "amount_paid": "204.0", "status": "Completed", "created_at": "2025-05-08T16:11:04.421Z"}}, {"model": "orders.payment", "pk": 13, "fields": {"user": 2, "payment_id": "000AKPU", "payment_method": "Esewa", "amount_paid": "204.0", "status": "Completed", "created_at": "2025-05-08T16:11:06.085Z"}}, {"model": "orders.payment", "pk": 14, "fields": {"user": 3, "payment_id": "000AKSV", "payment_method": "Esewa", "amount_paid": "102.0", "status": "Completed", "created_at": "2025-05-09T05:11:21.494Z"}}, {"model": "orders.payment", "pk": 18, "fields": {"user": 7, "payment_id": "000AKZC", "payment_method": "Esewa", "amount_paid": "102.0", "status": "Completed", "created_at": "2025-05-09T11:09:57.171Z"}}, {"model": "orders.payment", "pk": 19, "fields": {"user": 7, "payment_id": "000AL00", "payment_method": "Esewa", "amount_paid": "204.0", "status": "Completed", "created_at": "2025-05-09T12:12:38.708Z"}}, {"model": "orders.payment", "pk": 21, "fields": {"user": 3, "payment_id": "000AL1E", "payment_method": "Esewa", "amount_paid": "204.0", "status": "Completed", "created_at": "2025-05-09T15:59:29.991Z"}}, {"model": "orders.payment", "pk": 22, "fields": {"user": 3, "payment_id": "000AL1S", "payment_method": "Esewa", "amount_paid": "204.0", "status": "Completed", "created_at": "2025-05-09T17:02:15.129Z"}}, {"model": "orders.payment", "pk": 23, "fields": {"user": 1, "payment_id": "000AL7U", "payment_method": "Esewa", "amount_paid": "204.0", "status": "Completed", "created_at": "2025-05-10T11:11:09.443Z"}}, {"model": "orders.payment", "pk": 24, "fields": {"user": 1, "payment_id": "000AL9W", "payment_method": "Esewa", "amount_paid": "102.0", "status": "Completed", "created_at": "2025-05-10T13:35:31.434Z"}}, {"model": "orders.payment", "pk": 25, "fields": {"user": 11, "payment_id": "000ALB7", "payment_method": "Esewa", "amount_paid": "1,122.0", "status": "Completed", "created_at": "2025-05-10T15:36:35.470Z"}}, {"model": "orders.payment", "pk": 26, "fields": {"user": 11, "payment_id": "000ALB7", "payment_method": "Esewa", "amount_paid": "1,122.0", "status": "Completed", "created_at": "2025-05-10T15:37:16.137Z"}}, {"model": "orders.payment", "pk": 27, "fields": {"user": 11, "payment_id": "000ALB7", "payment_method": "Esewa", "amount_paid": "1,122.0", "status": "Completed", "created_at": "2025-05-10T15:39:14.885Z"}}, {"model": "orders.payment", "pk": 28, "fields": {"user": 11, "payment_id": "000ALB7", "payment_method": "Esewa", "amount_paid": "1,122.0", "status": "Completed", "created_at": "2025-05-10T15:42:41.021Z"}}, {"model": "orders.payment", "pk": 29, "fields": {"user": 11, "payment_id": "000ALBI", "payment_method": "Esewa", "amount_paid": "102.0", "status": "Completed", "created_at": "2025-05-10T16:15:14.486Z"}}, {"model": "orders.payment", "pk": 30, "fields": {"user": 11, "payment_id": "000ALBU", "payment_method": "Esewa", "amount_paid": "20.4", "status": "Completed", "created_at": "2025-05-10T16:27:17.588Z"}}, {"model": "orders.payment", "pk": 31, "fields": {"user": 11, "payment_id": "000ALBU", "payment_method": "Esewa", "amount_paid": "20.4", "status": "Completed", "created_at": "2025-05-10T16:29:21.554Z"}}, {"model": "orders.payment", "pk": 32, "fields": {"user": 11, "payment_id": "000ALBU", "payment_method": "Esewa", "amount_paid": "20.4", "status": "Completed", "created_at": "2025-05-10T16:29:55.583Z"}}, {"model": "orders.payment", "pk": 33, "fields": {"user": 11, "payment_id": "000ALBU", "payment_method": "Esewa", "amount_paid": "20.4", "status": "Completed", "created_at": "2025-05-10T16:30:10.655Z"}}, {"model": "orders.payment", "pk": 34, "fields": {"user": 11, "payment_id": "000ALBU", "payment_method": "Esewa", "amount_paid": "20.4", "status": "Completed", "created_at": "2025-05-10T16:30:27.036Z"}}, {"model": "orders.payment", "pk": 35, "fields": {"user": 11, "payment_id": "000ALBU", "payment_method": "Esewa", "amount_paid": "20.4", "status": "Completed", "created_at": "2025-05-10T16:30:41.222Z"}}, {"model": "orders.payment", "pk": 36, "fields": {"user": 11, "payment_id": "000ALBU", "payment_method": "Esewa", "amount_paid": "20.4", "status": "Completed", "created_at": "2025-05-10T16:31:00.084Z"}}, {"model": "orders.payment", "pk": 37, "fields": {"user": 11, "payment_id": "000ALBU", "payment_method": "Esewa", "amount_paid": "20.4", "status": "Completed", "created_at": "2025-05-10T16:31:30.484Z"}}, {"model": "orders.payment", "pk": 38, "fields": {"user": 11, "payment_id": "000ALBU", "payment_method": "Esewa", "amount_paid": "20.4", "status": "Completed", "created_at": "2025-05-10T16:31:50.411Z"}}, {"model": "orders.payment", "pk": 39, "fields": {"user": 11, "payment_id": "000ALBU", "payment_method": "Esewa", "amount_paid": "20.4", "status": "Completed", "created_at": "2025-05-10T16:32:17.702Z"}}, {"model": "orders.payment", "pk": 40, "fields": {"user": 11, "payment_id": "000ALBZ", "payment_method": "Esewa", "amount_paid": "20.4", "status": "Completed", "created_at": "2025-05-10T16:40:50.754Z"}}, {"model": "orders.payment", "pk": 41, "fields": {"user": 11, "payment_id": "000ALC1", "payment_method": "Esewa", "amount_paid": "102.0", "status": "Completed", "created_at": "2025-05-10T16:49:12.539Z"}}, {"model": "orders.payment", "pk": 42, "fields": {"user": 11, "payment_id": "000ALC4", "payment_method": "Esewa", "amount_paid": "326.4", "status": "Completed", "created_at": "2025-05-10T16:51:45.941Z"}}, {"model": "orders.payment", "pk": 43, "fields": {"user": 11, "payment_id": "000ALC6", "payment_method": "Esewa", "amount_paid": "428.4", "status": "Completed", "created_at": "2025-05-10T16:54:37.006Z"}}, {"model": "orders.payment", "pk": 44, "fields": {"user": 1, "payment_id": "000ALUE", "payment_method": "Esewa", "amount_paid": "102.0", "status": "Completed", "created_at": "2025-05-12T09:16:34.466Z"}}, {"model": "orders.payment", "pk": 45, "fields": {"user": 2, "payment_id": "000AM4P", "payment_method": "Esewa", "amount_paid": "408.0", "status": "Completed", "created_at": "2025-05-13T07:14:27.451Z"}}, {"model": "orders.payment", "pk": 46, "fields": {"user": 1, "payment_id": "000B0LR", "payment_method": "Esewa", "amount_paid": "1734.0", "status": "Completed", "created_at": "2025-06-21T06:27:28.378Z"}}, {"model": "orders.payment", "pk": 47, "fields": {"user": 1, "payment_id": "000B0LS", "payment_method": "Esewa", "amount_paid": "306.0", "status": "Completed", "created_at": "2025-06-21T06:30:07.845Z"}}, {"model": "orders.payment", "pk": 48, "fields": {"user": 1, "payment_id": "000B0LS", "payment_method": "Esewa", "amount_paid": "306.0", "status": "Completed", "created_at": "2025-06-21T06:49:38.162Z"}}, {"model": "orders.payment", "pk": 49, "fields": {"user": 1, "payment_id": "000B0LS", "payment_method": "Esewa", "amount_paid": "306.0", "status": "Completed", "created_at": "2025-06-21T06:50:55.878Z"}}, {"model": "orders.payment", "pk": 50, "fields": {"user": 1, "payment_id": "000B0LS", "payment_method": "Esewa", "amount_paid": "306.0", "status": "Completed", "created_at": "2025-06-21T06:51:04.247Z"}}, {"model": "orders.payment", "pk": 51, "fields": {"user": 1, "payment_id": "000B0M0", "payment_method": "Esewa", "amount_paid": "510.0", "status": "Completed", "created_at": "2025-06-21T06:55:11.639Z"}}, {"model": "orders.payment", "pk": 52, "fields": {"user": 1, "payment_id": "000B0M0", "payment_method": "Esewa", "amount_paid": "510.0", "status": "Completed", "created_at": "2025-06-21T06:56:35.717Z"}}, {"model": "orders.payment", "pk": 53, "fields": {"user": 1, "payment_id": "000B0MA", "payment_method": "Esewa", "amount_paid": "408.0", "status": "Completed", "created_at": "2025-06-21T07:12:28.968Z"}}, {"model": "orders.payment", "pk": 54, "fields": {"user": 1, "payment_id": "000B0MK", "payment_method": "Esewa", "amount_paid": "153.0", "status": "Completed", "created_at": "2025-06-21T07:37:54.731Z"}}, {"model": "orders.payment", "pk": 55, "fields": {"user": 1, "payment_id": "000B0MM", "payment_method": "Esewa", "amount_paid": "153.0", "status": "Completed", "created_at": "2025-06-21T07:42:13.290Z"}}, {"model": "orders.payment", "pk": 56, "fields": {"user": 1, "payment_id": "000B0MO", "payment_method": "Esewa", "amount_paid": "153.0", "status": "Completed", "created_at": "2025-06-21T07:44:49.351Z"}}, {"model": "orders.payment", "pk": 57, "fields": {"user": 1, "payment_id": "000B0MW", "payment_method": "Esewa", "amount_paid": "173.4", "status": "Completed", "created_at": "2025-06-21T09:20:07.778Z"}}, {"model": "orders.payment", "pk": 58, "fields": {"user": 1, "payment_id": "000B0MW", "payment_method": "Esewa", "amount_paid": "173.4", "status": "Completed", "created_at": "2025-06-21T09:34:06.387Z"}}, {"model": "orders.payment", "pk": 59, "fields": {"user": 1, "payment_id": "000B0MW", "payment_method": "Esewa", "amount_paid": "173.4", "status": "Completed", "created_at": "2025-06-21T09:35:13.149Z"}}, {"model": "orders.payment", "pk": 60, "fields": {"user": 2, "payment_id": "000B0MZ", "payment_method": "Esewa", "amount_paid": "1020.0", "status": "Completed", "created_at": "2025-06-21T09:39:37.245Z"}}, {"model": "orders.order", "pk": 1, "fields": {"user": 2, "payment": 1, "order_number": "202505081", "first_name": "Sujan", "last_name": "Dotel", "phone": "9828978984", "email": "movingwithtrend96@gmail.com", "address_line_1": "Mandandeupur", "address_line_2": "Ghumaune", "country": "Nepal", "state": "asfd", "city": "Kavre", "order_note": "adsf", "order_total": 20.4, "tax": 0.4, "status": "New", "ip": "127.0.0.1", "is_ordered": true, "created_at": "2025-05-08T07:44:16.000Z", "updated_at": "2025-05-08T07:44:16.825Z"}}, {"model": "orders.order", "pk": 2, "fields": {"user": 2, "payment": 2, "order_number": "202505082", "first_name": "Sujan", "last_name": "Dotel", "phone": "9828978984", "email": "movingwithtrend96@gmail.com", "address_line_1": "Mandandeupur", "address_line_2": "Ghumaune", "country": "Nepal", "state": "afsd", "city": "Kavre", "order_note": "asfd", "order_total": 102.0, "tax": 2.0, "status": "New", "ip": "127.0.0.1", "is_ordered": true, "created_at": "2025-05-08T07:45:59.071Z", "updated_at": "2025-05-08T07:46:00.092Z"}}, {"model": "orders.order", "pk": 3, "fields": {"user": 2, "payment": 3, "order_number": "202505083", "first_name": "Sujan", "last_name": "Dotel", "phone": "9828978984", "email": "movingwithtrend96@gmail.com", "address_line_1": "Mandandeupur", "address_line_2": "Ghumaune", "country": "Nepal", "state": "afddd", "city": "Kavre", "order_note": "af", "order_total": 306.0, "tax": 6.0, "status": "New", "ip": "127.0.0.1", "is_ordered": true, "created_at": "2025-05-08T08:03:22.590Z", "updated_at": "2025-05-08T08:03:23.293Z"}}, {"model": "orders.order", "pk": 4, "fields": {"user": 2, "payment": 4, "order_number": "202505084", "first_name": "Sujan", "last_name": "Dotel", "phone": "9828978984", "email": "movingwithtrend96@gmail.com", "address_line_1": "Mandandeupur", "address_line_2": "Ghumaune", "country": "Nepal", "state": "asfdd", "city": "Kavre", "order_note": "adfs", "order_total": 1224.0, "tax": 24.0, "status": "New", "ip": "127.0.0.1", "is_ordered": true, "created_at": "2025-05-08T08:06:22.054Z", "updated_at": "2025-05-08T08:06:23.470Z"}}, {"model": "orders.order", "pk": 15, "fields": {"user": 2, "payment": 5, "order_number": "2025050815", "first_name": "Sujan", "last_name": "Dotel", "phone": "9828978984", "email": "movingwithtrend96@gmail.com", "address_line_1": "Mandandeupur", "address_line_2": "Ghumaune", "country": "Nepal", "state": "adf", "city": "Kavre", "order_note": "adsf", "order_total": 20.4, "tax": 0.4, "status": "New", "ip": "127.0.0.1", "is_ordered": true, "created_at": "2025-05-08T09:26:58.570Z", "updated_at": "2025-05-08T09:27:22.847Z"}}, {"model": "orders.order", "pk": 16, "fields": {"user": 2, "payment": 6, "order_number": "2025050816", "first_name": "Sujan", "last_name": "Dotel", "phone": "9828978984", "email": "movingwithtrend96@gmail.com", "address_line_1": "Mandandeupur", "address_line_2": "Ghumaune", "country": "Nepal", "state": "asdf", "city": "Kavre", "order_note": "adsf", "order_total": 20.4, "tax": 0.4, "status": "New", "ip": "127.0.0.1", "is_ordered": true, "created_at": "2025-05-08T09:44:14.024Z", "updated_at": "2025-05-08T09:44:37.363Z"}}, {"model": "orders.order", "pk": 19, "fields": {"user": 2, "payment": 7, "order_number": "2025050819", "first_name": "Sujan", "last_name": "Dotel", "phone": "9828978984", "email": "movingwithtrend96@gmail.com", "address_line_1": "Mandandeupur", "address_line_2": "Ghumaune", "country": "Nepal", "state": "asdf", "city": "Kavre", "order_note": "asdf", "order_total": 122.4, "tax": 2.4, "status": "New", "ip": "127.0.0.1", "is_ordered": true, "created_at": "2025-05-08T10:02:15.877Z", "updated_at": "2025-05-08T10:02:58.279Z"}}, {"model": "orders.order", "pk": 28, "fields": {"user": 2, "payment": 8, "order_number": "2025050828", "first_name": "Sujan", "last_name": "Dotel", "phone": "9828978984", "email": "movingwithtrend96@gmail.com", "address_line_1": "Mandandeupur", "address_line_2": "Ghumaune", "country": "Nepal", "state": "asdf", "city": "Kavre", "order_note": "asddfdd", "order_total": 1040.4, "tax": 20.4, "status": "New", "ip": "127.0.0.1", "is_ordered": true, "created_at": "2025-05-08T11:29:12.478Z", "updated_at": "2025-05-08T11:30:31.996Z"}}, {"model": "orders.order", "pk": 34, "fields": {"user": 2, "payment": 9, "order_number": "2025050834", "first_name": "Sujan", "last_name": "Dotel", "phone": "9828978984", "email": "movingwithtrend96@gmail.com", "address_line_1": "Mandandeupur", "address_line_2": "Ghumaune", "country": "Nepal", "state": "afds", "city": "Kavre", "order_note": "afsd", "order_total": 918.0, "tax": 18.0, "status": "New", "ip": "127.0.0.1", "is_ordered": true, "created_at": "2025-05-08T13:22:49.760Z", "updated_at": "2025-05-08T13:24:12.476Z"}}, {"model": "orders.order", "pk": 35, "fields": {"user": 2, "payment": 10, "order_number": "2025050835", "first_name": "Sujan", "last_name": "Dotel", "phone": "9828978984", "email": "movingwithtrend96@gmail.com", "address_line_1": "Mandandeupur", "address_line_2": "Ghumaune", "country": "Nepal", "state": "adfs", "city": "Kavre", "order_note": "afds", "order_total": 102.0, "tax": 2.0, "status": "New", "ip": "127.0.0.1", "is_ordered": true, "created_at": "2025-05-08T13:36:14.658Z", "updated_at": "2025-05-08T13:36:58.750Z"}}, {"model": "orders.order", "pk": 42, "fields": {"user": 2, "payment": 13, "order_number": "2025050842", "first_name": "Sujan", "last_name": "Dotel", "phone": "9828978984", "email": "movingwithtrend96@gmail.com", "address_line_1": "Mandandeupur", "address_line_2": "Ghumaune", "country": "Nepal", "state": "asdf", "city": "Kavre", "order_note": "asfd", "order_total": 204.0, "tax": 4.0, "status": "New", "ip": "127.0.0.1", "is_ordered": true, "created_at": "2025-05-08T16:08:19.038Z", "updated_at": "2025-05-08T16:11:06.099Z"}}, {"model": "orders.order", "pk": 43, "fields": {"user": 3, "payment": 14, "order_number": "2025050943", "first_name": "Sujan", "last_name": "Dotel", "phone": "9828978984", "email": "movingwithtrend96@gmail.com", "address_line_1": "Mandandeupur", "address_line_2": "Ghumaune", "country": "Nepal", "state": "asdf", "city": "Kavre", "order_note": "asdf", "order_total": 102.0, "tax": 2.0, "status": "New", "ip": "127.0.0.1", "is_ordered": true, "created_at": "2025-05-09T05:10:16.353Z", "updated_at": "2025-05-09T05:11:21.500Z"}}, {"model": "orders.order", "pk": 44, "fields": {"user": null, "payment": null, "order_number": "2025050944", "first_name": "Sujan", "last_name": "Dotel", "phone": "9828978984", "email": "movingwithtrend96@gmail.com", "address_line_1": "Mandandeupur", "address_line_2": "Ghumaune", "country": "Nepal", "state": "asdf", "city": "Kavre", "order_note": "asdf", "order_total": 540.6, "tax": 10.6, "status": "Accepted", "ip": "127.0.0.1", "is_ordered": true, "created_at": "2025-05-09T06:21:50.812Z", "updated_at": "2025-05-09T06:24:55.625Z"}}, {"model": "orders.order", "pk": 46, "fields": {"user": null, "payment": null, "order_number": "2025050946", "first_name": "Sujan", "last_name": "Dotel", "phone": "9828978984", "email": "movingwithtrend96@gmail.com", "address_line_1": "Mandandeupur", "address_line_2": "Ghumaune", "country": "Nepal", "state": "asdf", "city": "Kavre", "order_note": "asdf", "order_total": 102.0, "tax": 2.0, "status": "New", "ip": "127.0.0.1", "is_ordered": true, "created_at": "2025-05-09T06:34:42.075Z", "updated_at": "2025-05-09T06:35:22.992Z"}}, {"model": "orders.order", "pk": 49, "fields": {"user": null, "payment": null, "order_number": "2025050949", "first_name": "Sujan", "last_name": "Dotel", "phone": "9828978984", "email": "movingwithtrend96@gmail.com", "address_line_1": "Mandandeupur", "address_line_2": "Ghumaune", "country": "Nepal", "state": "asdf", "city": "Kavre", "order_note": "asdf", "order_total": 20.4, "tax": 0.4, "status": "New", "ip": "127.0.0.1", "is_ordered": true, "created_at": "2025-05-09T07:34:51.288Z", "updated_at": "2025-05-09T07:35:12.911Z"}}, {"model": "orders.order", "pk": 51, "fields": {"user": 7, "payment": 18, "order_number": "2025050951", "first_name": "Sujan", "last_name": "Dotel", "phone": "9828978984", "email": "movingwithtrend96@gmail.com", "address_line_1": "Mandandeupur", "address_line_2": "Ghumaune", "country": "Nepal", "state": "Gandaki Province", "city": "Kavre", "order_note": "", "order_total": 102.0, "tax": 2.0, "status": "New", "ip": "127.0.0.1", "is_ordered": true, "created_at": "2025-05-09T11:09:16.546Z", "updated_at": "2025-05-09T11:09:57.180Z"}}, {"model": "orders.order", "pk": 53, "fields": {"user": 7, "payment": 19, "order_number": "2025050953", "first_name": "Sujan", "last_name": "Dotel", "phone": "9828978984", "email": "movingwithtrend96@gmail.com", "address_line_1": "Mandandeupur", "address_line_2": "Ghumaune", "country": "Nepal", "state": "Shsj", "city": "Kavre", "order_note": "Sj", "order_total": 204.0, "tax": 4.0, "status": "New", "ip": "127.0.0.1", "is_ordered": true, "created_at": "2025-05-09T12:12:02.063Z", "updated_at": "2025-05-09T12:12:38.716Z"}}, {"model": "orders.order", "pk": 58, "fields": {"user": null, "payment": null, "order_number": "2025050958", "first_name": "Sujan", "last_name": "Dotel", "phone": "9828978984", "email": "movingwithtrend96@gmail.com", "address_line_1": "Mandandeupur", "address_line_2": "Ghumaune", "country": "Nepal", "state": "afds", "city": "Kavre", "order_note": "asddf", "order_total": 306.0, "tax": 6.0, "status": "New", "ip": "127.0.0.1", "is_ordered": true, "created_at": "2025-05-09T14:27:12.183Z", "updated_at": "2025-05-09T14:28:13.359Z"}}, {"model": "orders.order", "pk": 59, "fields": {"user": 3, "payment": 21, "order_number": "2025050959", "first_name": "Sujan", "last_name": "Dotel", "phone": "9828978984", "email": "movingwithtrend96@gmail.com", "address_line_1": "Mandandeupur", "address_line_2": "Ghumaune", "country": "Nepal", "state": "adfsd", "city": "Kavre", "order_note": "", "order_total": 204.0, "tax": 4.0, "status": "New", "ip": "127.0.0.1", "is_ordered": true, "created_at": "2025-05-09T15:57:59.954Z", "updated_at": "2025-05-09T15:59:29.999Z"}}, {"model": "orders.order", "pk": 60, "fields": {"user": 3, "payment": 22, "order_number": "2025050960", "first_name": "Sandip", "last_name": "Dhakal", "phone": "9860122645", "email": "sandip@gmail.com", "address_line_1": "Golkhupakha thamel", "address_line_2": "", "country": "Nepal", "state": "3", "city": "Kathmandu", "order_note": "", "order_total": 204.0, "tax": 4.0, "status": "Completed", "ip": "127.0.0.1", "is_ordered": true, "created_at": "2025-05-09T17:00:24.760Z", "updated_at": "2025-05-10T02:22:45.116Z"}}, {"model": "orders.order", "pk": 61, "fields": {"user": 2, "payment": null, "order_number": "2025051061", "first_name": "Sujan", "last_name": "Dotel", "phone": "9828978984", "email": "movingwithtrend96@gmail.com", "address_line_1": "Mandandeupur", "address_line_2": "Ghumaune", "country": "Nepal", "state": "asdf", "city": "Kavre", "order_note": "asdf", "order_total": 102.0, "tax": 2.0, "status": "New", "ip": "127.0.0.1", "is_ordered": false, "created_at": "2025-05-10T02:29:36.671Z", "updated_at": "2025-05-10T02:29:36.681Z"}}, {"model": "orders.order", "pk": 62, "fields": {"user": 2, "payment": null, "order_number": "2025051062", "first_name": "Sujan", "last_name": "Dotel", "phone": "9828978984", "email": "movingwithtrend96@gmail.com", "address_line_1": "Mandandeupur", "address_line_2": "Ghumaune", "country": "Nepal", "state": "asdf", "city": "Kavre", "order_note": "asdf", "order_total": 102.0, "tax": 2.0, "status": "New", "ip": "127.0.0.1", "is_ordered": false, "created_at": "2025-05-10T02:31:10.772Z", "updated_at": "2025-05-10T02:31:10.778Z"}}, {"model": "orders.order", "pk": 63, "fields": {"user": 1, "payment": null, "order_number": "2025051063", "first_name": "Sujan", "last_name": "Dotel", "phone": "9828978984", "email": "movingwithtrend96@gmail.com", "address_line_1": "Mandandeupur", "address_line_2": "Ghumaune", "country": "Nepal", "state": "Hsj", "city": "Kavre", "order_note": "En", "order_total": 102.0, "tax": 2.0, "status": "New", "ip": "192.168.100.17", "is_ordered": false, "created_at": "2025-05-10T04:03:33.385Z", "updated_at": "2025-05-10T04:03:33.394Z"}}, {"model": "orders.order", "pk": 64, "fields": {"user": 2, "payment": null, "order_number": "2025051064", "first_name": "Sujan", "last_name": "Dotel", "phone": "9828978984", "email": "movingwithtrend96@gmail.com", "address_line_1": "Mandandeupur", "address_line_2": "Ghumaune", "country": "Nepal", "state": "adsf", "city": "Kavre", "order_note": "afd", "order_total": 1428.0, "tax": 28.0, "status": "New", "ip": "127.0.0.1", "is_ordered": false, "created_at": "2025-05-10T04:16:18.724Z", "updated_at": "2025-05-10T04:16:18.732Z"}}, {"model": "orders.order", "pk": 65, "fields": {"user": 2, "payment": null, "order_number": "2025051065", "first_name": "Sujan", "last_name": "Dotel", "phone": "9828978984", "email": "movingwithtrend96@gmail.com", "address_line_1": "Mandandeupur", "address_line_2": "Ghumaune", "country": "Nepal", "state": "afdd", "city": "Kavre", "order_note": "adsfdd", "order_total": 1428.0, "tax": 28.0, "status": "New", "ip": "127.0.0.1", "is_ordered": false, "created_at": "2025-05-10T07:48:42.693Z", "updated_at": "2025-05-10T07:48:42.704Z"}}, {"model": "orders.order", "pk": 66, "fields": {"user": 1, "payment": null, "order_number": "2025051066", "first_name": "Sujan", "last_name": "Dotel", "phone": "9828978984", "email": "movingwithtrend96@gmail.com", "address_line_1": "Mandandeupur", "address_line_2": "Ghumaune", "country": "Nepal", "state": "Gandaki Province", "city": "Kavre", "order_note": "", "order_total": 102.0, "tax": 2.0, "status": "New", "ip": "192.168.100.17", "is_ordered": false, "created_at": "2025-05-10T10:59:06.012Z", "updated_at": "2025-05-10T10:59:06.020Z"}}, {"model": "orders.order", "pk": 67, "fields": {"user": 1, "payment": null, "order_number": "2025051067", "first_name": "Sujan", "last_name": "Dotel", "phone": "9828978984", "email": "movingwithtrend96@gmail.com", "address_line_1": "Mandandeupur", "address_line_2": "Ghumaune", "country": "Nepal", "state": "Sjss", "city": "Kavre", "order_note": "Su", "order_total": 102.0, "tax": 2.0, "status": "New", "ip": "192.168.100.17", "is_ordered": false, "created_at": "2025-05-10T11:00:42.154Z", "updated_at": "2025-05-10T11:00:42.161Z"}}, {"model": "orders.order", "pk": 68, "fields": {"user": 1, "payment": null, "order_number": "2025051068", "first_name": "Sujan", "last_name": "Dotel", "phone": "9828978984", "email": "movingwithtrend96@gmail.com", "address_line_1": "Mandandeupur", "address_line_2": "Ghumaune", "country": "Nepal", "state": "D", "city": "Kavre", "order_note": "Dde", "order_total": 102.0, "tax": 2.0, "status": "New", "ip": "192.168.100.17", "is_ordered": false, "created_at": "2025-05-10T11:03:51.512Z", "updated_at": "2025-05-10T11:03:51.520Z"}}, {"model": "orders.order", "pk": 69, "fields": {"user": 1, "payment": null, "order_number": "2025051069", "first_name": "Sujan", "last_name": "Dotel", "phone": "9828978984", "email": "movingwithtrend96@gmail.com", "address_line_1": "Mandandeupur", "address_line_2": "Ghumaune", "country": "Nepal", "state": "D", "city": "Kavre", "order_note": "Dde", "order_total": 102.0, "tax": 2.0, "status": "New", "ip": "192.168.100.17", "is_ordered": false, "created_at": "2025-05-10T11:03:52.248Z", "updated_at": "2025-05-10T11:03:52.256Z"}}, {"model": "orders.order", "pk": 70, "fields": {"user": 1, "payment": null, "order_number": "2025051070", "first_name": "Sujan", "last_name": "Dotel", "phone": "9828978984", "email": "movingwithtrend96@gmail.com", "address_line_1": "Mandandeupur", "address_line_2": "Ghumaune", "country": "Nepal", "state": "Sj", "city": "Kavre", "order_note": "Ene", "order_total": 204.0, "tax": 4.0, "status": "New", "ip": "127.0.0.1", "is_ordered": false, "created_at": "2025-05-10T11:09:25.453Z", "updated_at": "2025-05-10T11:09:25.463Z"}}, {"model": "orders.order", "pk": 71, "fields": {"user": 1, "payment": 23, "order_number": "2025051071", "first_name": "Sujan", "last_name": "Dotel", "phone": "9828978984", "email": "movingwithtrend96@gmail.com", "address_line_1": "Mandandeupur", "address_line_2": "Ghumaune", "country": "Nepal", "state": "Es", "city": "Kavre", "order_note": "Re", "order_total": 204.0, "tax": 4.0, "status": "New", "ip": "127.0.0.1", "is_ordered": true, "created_at": "2025-05-10T11:10:18.941Z", "updated_at": "2025-05-10T11:11:09.453Z"}}, {"model": "orders.order", "pk": 72, "fields": {"user": 1, "payment": null, "order_number": "2025051072", "first_name": "Sujan", "last_name": "Dotel", "phone": "9828978984", "email": "movingwithtrend96@gmail.com", "address_line_1": "Mandandeupur", "address_line_2": "Ghumaune", "country": "Nepal", "state": "adf", "city": "Kavre", "order_note": "afd", "order_total": 102.0, "tax": 2.0, "status": "New", "ip": "127.0.0.1", "is_ordered": false, "created_at": "2025-05-10T13:22:14.930Z", "updated_at": "2025-05-10T13:22:14.939Z"}}, {"model": "orders.order", "pk": 73, "fields": {"user": 1, "payment": null, "order_number": "2025051073", "first_name": "Sujan", "last_name": "Dotel", "phone": "9828978984", "email": "movingwithtrend96@gmail.com", "address_line_1": "Mandandeupur", "address_line_2": "Ghumaune", "country": "Nepal", "state": "asdf", "city": "Kavre", "order_note": "asdf", "order_total": 102.0, "tax": 2.0, "status": "New", "ip": "127.0.0.1", "is_ordered": false, "created_at": "2025-05-10T13:23:51.900Z", "updated_at": "2025-05-10T13:23:51.909Z"}}, {"model": "orders.order", "pk": 74, "fields": {"user": 1, "payment": null, "order_number": "2025051074", "first_name": "Sujan", "last_name": "Dotel", "phone": "9828978984", "email": "movingwithtrend96@gmail.com", "address_line_1": "Mandandeupur", "address_line_2": "Ghumaune", "country": "Nepal", "state": "U!h", "city": "Kavre", "order_note": "Djdj", "order_total": 102.0, "tax": 2.0, "status": "New", "ip": "192.168.100.17", "is_ordered": false, "created_at": "2025-05-10T13:28:50.279Z", "updated_at": "2025-05-10T13:28:50.286Z"}}, {"model": "orders.order", "pk": 75, "fields": {"user": 1, "payment": 24, "order_number": "2025051075", "first_name": "Sujan", "last_name": "Dotel", "phone": "9828978984", "email": "movingwithtrend96@gmail.com", "address_line_1": "Mandandeupur", "address_line_2": "Ghumaune", "country": "Nepal", "state": "adf", "city": "Kavre", "order_note": "asfd", "order_total": 102.0, "tax": 2.0, "status": "New", "ip": "127.0.0.1", "is_ordered": true, "created_at": "2025-05-10T13:35:13.153Z", "updated_at": "2025-05-10T13:35:31.444Z"}}, {"model": "orders.order", "pk": 76, "fields": {"user": 11, "payment": 28, "order_number": "2025051076", "first_name": "Sujan", "last_name": "Dotel", "phone": "9828978984", "email": "movingwithtrend96@gmail.com", "address_line_1": "Mandandeupur", "address_line_2": "Ghumaune", "country": "Nepal", "state": "afd", "city": "Kavre", "order_note": "afa", "order_total": 1122.0, "tax": 22.0, "status": "New", "ip": "127.0.0.1", "is_ordered": true, "created_at": "2025-05-10T15:36:07.247Z", "updated_at": "2025-05-10T15:42:41.032Z"}}, {"model": "orders.order", "pk": 77, "fields": {"user": 11, "payment": 29, "order_number": "2025051077", "first_name": "Sujan", "last_name": "Dotel", "phone": "9828978984", "email": "movingwithtrend96@gmail.com", "address_line_1": "Mandandeupur", "address_line_2": "Ghumaune", "country": "Nepal", "state": "af", "city": "Kavre", "order_note": "adf", "order_total": 102.0, "tax": 2.0, "status": "New", "ip": "127.0.0.1", "is_ordered": true, "created_at": "2025-05-10T16:14:44.024Z", "updated_at": "2025-05-10T16:15:14.496Z"}}, {"model": "orders.order", "pk": 78, "fields": {"user": 11, "payment": 39, "order_number": "2025051078", "first_name": "Sujan", "last_name": "Dotel", "phone": "9828978984", "email": "movingwithtrend96@gmail.com", "address_line_1": "Mandandeupur", "address_line_2": "Ghumaune", "country": "Nepal", "state": "adf", "city": "Kavre", "order_note": "adf", "order_total": 20.4, "tax": 0.4, "status": "New", "ip": "127.0.0.1", "is_ordered": true, "created_at": "2025-05-10T16:26:03.851Z", "updated_at": "2025-05-10T16:32:17.713Z"}}, {"model": "orders.order", "pk": 79, "fields": {"user": 11, "payment": 40, "order_number": "2025051079", "first_name": "Sujan", "last_name": "Dotel", "phone": "9828978984", "email": "movingwithtrend96@gmail.com", "address_line_1": "Mandandeupur", "address_line_2": "Ghumaune", "country": "Nepal", "state": "ads", "city": "Kavre", "order_note": "adf", "order_total": 20.4, "tax": 0.4, "status": "New", "ip": "127.0.0.1", "is_ordered": true, "created_at": "2025-05-10T16:40:36.734Z", "updated_at": "2025-05-10T16:40:50.763Z"}}, {"model": "orders.order", "pk": 80, "fields": {"user": 11, "payment": 41, "order_number": "2025051080", "first_name": "Sujan", "last_name": "Dotel", "phone": "9828978984", "email": "movingwithtrend96@gmail.com", "address_line_1": "Mandandeupur", "address_line_2": "Ghumaune", "country": "Nepal", "state": "asdf", "city": "Kavre", "order_note": "adsf", "order_total": 102.0, "tax": 2.0, "status": "New", "ip": "127.0.0.1", "is_ordered": true, "created_at": "2025-05-10T16:48:59.437Z", "updated_at": "2025-05-10T16:49:12.549Z"}}, {"model": "orders.order", "pk": 81, "fields": {"user": 11, "payment": 42, "order_number": "2025051081", "first_name": "Sujan", "last_name": "Dotel", "phone": "9828978984", "email": "movingwithtrend96@gmail.com", "address_line_1": "Mandandeupur", "address_line_2": "Ghumaune", "country": "Nepal", "state": "asdf", "city": "Kavre", "order_note": "afds", "order_total": 326.4, "tax": 6.4, "status": "New", "ip": "127.0.0.1", "is_ordered": true, "created_at": "2025-05-10T16:51:31.885Z", "updated_at": "2025-05-10T16:51:45.952Z"}}, {"model": "orders.order", "pk": 82, "fields": {"user": 11, "payment": 43, "order_number": "2025051082", "first_name": "Sujan", "last_name": "Dotel", "phone": "9828978984", "email": "movingwithtrend96@gmail.com", "address_line_1": "Mandandeupur", "address_line_2": "Ghumaune", "country": "Nepal", "state": "af", "city": "Kavre", "order_note": "asdf", "order_total": 428.4, "tax": 8.4, "status": "New", "ip": "127.0.0.1", "is_ordered": true, "created_at": "2025-05-10T16:54:11.045Z", "updated_at": "2025-05-10T16:54:37.018Z"}}, {"model": "orders.order", "pk": 83, "fields": {"user": 11, "payment": null, "order_number": "2025051183", "first_name": "Sujan", "last_name": "Dotel", "phone": "9828978984", "email": "movingwithtrend96@gmail.com", "address_line_1": "Mandandeupur", "address_line_2": "Ghumaune", "country": "Nepal", "state": "asdfd", "city": "Kavre", "order_note": "asdf", "order_total": 204.0, "tax": 4.0, "status": "New", "ip": "127.0.0.1", "is_ordered": false, "created_at": "2025-05-11T07:08:01.801Z", "updated_at": "2025-05-11T07:08:01.808Z"}}, {"model": "orders.order", "pk": 84, "fields": {"user": 11, "payment": null, "order_number": "2025051184", "first_name": "Sujan", "last_name": "Dotel", "phone": "9828978984", "email": "movingwithtrend96@gmail.com", "address_line_1": "Mandandeupur", "address_line_2": "Ghumaune", "country": "Nepal", "state": "asdf", "city": "Kavre", "order_note": "asdf", "order_total": 204.0, "tax": 4.0, "status": "New", "ip": "127.0.0.1", "is_ordered": false, "created_at": "2025-05-11T07:09:51.447Z", "updated_at": "2025-05-11T07:09:51.452Z"}}, {"model": "orders.order", "pk": 85, "fields": {"user": 11, "payment": null, "order_number": "2025051185", "first_name": "Sujan", "last_name": "Dotel", "phone": "9828978984", "email": "movingwithtrend96@gmail.com", "address_line_1": "Mandandeupur", "address_line_2": "Ghumaune", "country": "Nepal", "state": "asdf", "city": "Kavre", "order_note": "asfd", "order_total": 204.0, "tax": 4.0, "status": "New", "ip": "127.0.0.1", "is_ordered": false, "created_at": "2025-05-11T07:11:07.000Z", "updated_at": "2025-05-11T07:11:07.006Z"}}, {"model": "orders.order", "pk": 86, "fields": {"user": 11, "payment": null, "order_number": "2025051186", "first_name": "Sujan", "last_name": "Dotel", "phone": "9828978984", "email": "movingwithtrend96@gmail.com", "address_line_1": "Mandandeupur", "address_line_2": "Ghumaune", "country": "Nepal", "state": "asdf", "city": "Kavre", "order_note": "asfd", "order_total": 204.0, "tax": 4.0, "status": "New", "ip": "127.0.0.1", "is_ordered": false, "created_at": "2025-05-11T07:11:22.870Z", "updated_at": "2025-05-11T07:11:22.876Z"}}, {"model": "orders.order", "pk": 87, "fields": {"user": 11, "payment": null, "order_number": "2025051187", "first_name": "Sujan", "last_name": "Dotel", "phone": "9828978984", "email": "movingwithtrend96@gmail.com", "address_line_1": "Mandandeupur", "address_line_2": "Ghumaune", "country": "Nepal", "state": "adfs", "city": "Kavre", "order_note": "asdf", "order_total": 204.0, "tax": 4.0, "status": "New", "ip": "127.0.0.1", "is_ordered": false, "created_at": "2025-05-11T07:12:05.158Z", "updated_at": "2025-05-11T07:12:05.166Z"}}, {"model": "orders.order", "pk": 88, "fields": {"user": 1, "payment": null, "order_number": "2025051288", "first_name": "Sujan", "last_name": "Dotel", "phone": "9828978984", "email": "movingwithtrend96@gmail.com", "address_line_1": "Mandandeupur", "address_line_2": "Ghumaune", "country": "Nepal", "state": "asdf", "city": "Kavre", "order_note": "adf", "order_total": 204.0, "tax": 4.0, "status": "New", "ip": "127.0.0.1", "is_ordered": false, "created_at": "2025-05-12T07:07:00.813Z", "updated_at": "2025-05-12T07:07:00.820Z"}}, {"model": "orders.order", "pk": 89, "fields": {"user": 1, "payment": null, "order_number": "2025051289", "first_name": "Sujan", "last_name": "Dotel", "phone": "9828978984", "email": "movingwithtrend96@gmail.com", "address_line_1": "Mandandeupur", "address_line_2": "Ghumaune", "country": "Nepal", "state": "adsf", "city": "Kavre", "order_note": "asdf", "order_total": 204.0, "tax": 4.0, "status": "New", "ip": "127.0.0.1", "is_ordered": false, "created_at": "2025-05-12T07:10:29.096Z", "updated_at": "2025-05-12T07:10:29.102Z"}}, {"model": "orders.order", "pk": 90, "fields": {"user": 1, "payment": null, "order_number": "2025051290", "first_name": "Sujan", "last_name": "Dotel", "phone": "9828978984", "email": "movingwithtrend96@gmail.com", "address_line_1": "Mandandeupur", "address_line_2": "Ghumaune", "country": "Nepal", "state": "adfa", "city": "Kavre", "order_note": "asdf", "order_total": 102.0, "tax": 2.0, "status": "New", "ip": "127.0.0.1", "is_ordered": false, "created_at": "2025-05-12T09:13:29.559Z", "updated_at": "2025-05-12T09:13:29.570Z"}}, {"model": "orders.order", "pk": 91, "fields": {"user": 1, "payment": 44, "order_number": "2025051291", "first_name": "Sujan", "last_name": "Dotel", "phone": "9828978984", "email": "movingwithtrend96@gmail.com", "address_line_1": "Mandandeupur", "address_line_2": "Ghumaune", "country": "Nepal", "state": "asdf", "city": "Kavre", "order_note": "adsf", "order_total": 102.0, "tax": 2.0, "status": "New", "ip": "127.0.0.1", "is_ordered": true, "created_at": "2025-05-12T09:15:00.128Z", "updated_at": "2025-05-12T09:16:34.476Z"}}, {"model": "orders.order", "pk": 92, "fields": {"user": 2, "payment": null, "order_number": "2025051392", "first_name": "Sujan", "last_name": "Dotel", "phone": "9828978984", "email": "movingwithtrend96@gmail.com", "address_line_1": "Mandandeupur", "address_line_2": "Ghumaune", "country": "Nepal", "state": "U!u!", "city": "Kavre", "order_note": "", "order_total": 408.0, "tax": 8.0, "status": "New", "ip": "127.0.0.1", "is_ordered": false, "created_at": "2025-05-13T07:01:18.206Z", "updated_at": "2025-05-13T07:01:18.217Z"}}, {"model": "orders.order", "pk": 93, "fields": {"user": 2, "payment": null, "order_number": "2025051393", "first_name": "Sujan", "last_name": "Dotel", "phone": "9828978984", "email": "movingwithtrend96@gmail.com", "address_line_1": "Mandandeupur", "address_line_2": "Ghumaune", "country": "Nepal", "state": "U!u!", "city": "Kavre", "order_note": "", "order_total": 408.0, "tax": 8.0, "status": "New", "ip": "127.0.0.1", "is_ordered": false, "created_at": "2025-05-13T07:03:23.407Z", "updated_at": "2025-05-13T07:03:23.417Z"}}, {"model": "orders.order", "pk": 94, "fields": {"user": 2, "payment": null, "order_number": "2025051394", "first_name": "Sujan", "last_name": "Dotel", "phone": "9828978984", "email": "movingwithtrend96@gmail.com", "address_line_1": "Mandandeupur", "address_line_2": "Ghumaune", "country": "Nepal", "state": "U!u!", "city": "Kavre", "order_note": "", "order_total": 408.0, "tax": 8.0, "status": "New", "ip": "127.0.0.1", "is_ordered": false, "created_at": "2025-05-13T07:03:27.349Z", "updated_at": "2025-05-13T07:03:27.358Z"}}, {"model": "orders.order", "pk": 95, "fields": {"user": 2, "payment": null, "order_number": "2025051395", "first_name": "Sujan", "last_name": "Dotel", "phone": "9828978984", "email": "movingwithtrend96@gmail.com", "address_line_1": "Mandandeupur", "address_line_2": "Ghumaune", "country": "Nepal", "state": "U!u!", "city": "Kavre", "order_note": "", "order_total": 408.0, "tax": 8.0, "status": "New", "ip": "127.0.0.1", "is_ordered": false, "created_at": "2025-05-13T07:03:42.058Z", "updated_at": "2025-05-13T07:03:42.069Z"}}, {"model": "orders.order", "pk": 96, "fields": {"user": 2, "payment": null, "order_number": "2025051396", "first_name": "Sujan", "last_name": "Dotel", "phone": "9828978984", "email": "movingwithtrend96@gmail.com", "address_line_1": "Mandandeupur", "address_line_2": "Ghumaune", "country": "Nepal", "state": "Gandaki Province", "city": "Kavre", "order_note": "", "order_total": 408.0, "tax": 8.0, "status": "New", "ip": "127.0.0.1", "is_ordered": false, "created_at": "2025-05-13T07:04:23.501Z", "updated_at": "2025-05-13T07:04:23.506Z"}}, {"model": "orders.order", "pk": 97, "fields": {"user": 2, "payment": null, "order_number": "2025051397", "first_name": "Sujan", "last_name": "Dotel", "phone": "9828978984", "email": "movingwithtrend96@gmail.com", "address_line_1": "Mandandeupur", "address_line_2": "Ghumaune", "country": "Nepal", "state": "Gandaki Province", "city": "Kavre", "order_note": "", "order_total": 408.0, "tax": 8.0, "status": "New", "ip": "127.0.0.1", "is_ordered": false, "created_at": "2025-05-13T07:05:43.048Z", "updated_at": "2025-05-13T07:05:43.061Z"}}, {"model": "orders.order", "pk": 98, "fields": {"user": 2, "payment": null, "order_number": "2025051398", "first_name": "Sujan", "last_name": "Dotel", "phone": "9828978984", "email": "movingwithtrend96@gmail.com", "address_line_1": "Mandandeupur", "address_line_2": "Ghumaune", "country": "Nepal", "state": "Gandaki Province", "city": "Kavre", "order_note": "", "order_total": 408.0, "tax": 8.0, "status": "New", "ip": "127.0.0.1", "is_ordered": false, "created_at": "2025-05-13T07:06:01.267Z", "updated_at": "2025-05-13T07:06:01.280Z"}}, {"model": "orders.order", "pk": 99, "fields": {"user": 2, "payment": null, "order_number": "2025051399", "first_name": "Sujan", "last_name": "Dotel", "phone": "9828978984", "email": "movingwithtrend96@gmail.com", "address_line_1": "Mandandeupur", "address_line_2": "Ghumaune", "country": "Nepal", "state": "adsf", "city": "Kavre", "order_note": "", "order_total": 408.0, "tax": 8.0, "status": "New", "ip": "127.0.0.1", "is_ordered": false, "created_at": "2025-05-13T07:07:21.903Z", "updated_at": "2025-05-13T07:07:21.915Z"}}, {"model": "orders.order", "pk": 100, "fields": {"user": 2, "payment": null, "order_number": "20250513100", "first_name": "Sujan", "last_name": "Dotel", "phone": "9828978984", "email": "movingwithtrend96@gmail.com", "address_line_1": "Mandandeupur", "address_line_2": "Ghumaune", "country": "Nepal", "state": "adsf", "city": "Kavre", "order_note": "", "order_total": 408.0, "tax": 8.0, "status": "New", "ip": "127.0.0.1", "is_ordered": false, "created_at": "2025-05-13T07:09:08.705Z", "updated_at": "2025-05-13T07:09:08.718Z"}}, {"model": "orders.order", "pk": 101, "fields": {"user": 2, "payment": null, "order_number": "20250513101", "first_name": "Sujan", "last_name": "Dotel", "phone": "9828978984", "email": "movingwithtrend96@gmail.com", "address_line_1": "Mandandeupur", "address_line_2": "Ghumaune", "country": "Nepal", "state": "adsf", "city": "Kavre", "order_note": "", "order_total": 408.0, "tax": 8.0, "status": "New", "ip": "127.0.0.1", "is_ordered": false, "created_at": "2025-05-13T07:09:12.935Z", "updated_at": "2025-05-13T07:09:12.946Z"}}, {"model": "orders.order", "pk": 102, "fields": {"user": 2, "payment": null, "order_number": "20250513102", "first_name": "Sujan", "last_name": "Dotel", "phone": "9828978984", "email": "movingwithtrend96@gmail.com", "address_line_1": "Mandandeupur", "address_line_2": "Ghumaune", "country": "Nepal", "state": "Gandaki Province", "city": "Kavre", "order_note": "", "order_total": 408.0, "tax": 8.0, "status": "New", "ip": "127.0.0.1", "is_ordered": false, "created_at": "2025-05-13T07:09:19.561Z", "updated_at": "2025-05-13T07:09:19.573Z"}}, {"model": "orders.order", "pk": 103, "fields": {"user": 2, "payment": null, "order_number": "20250513103", "first_name": "Sujan", "last_name": "Dotel", "phone": "9828978984", "email": "movingwithtrend96@gmail.com", "address_line_1": "Mandandeupur", "address_line_2": "Ghumaune", "country": "Nepal", "state": "adsf", "city": "Kavre", "order_note": "", "order_total": 408.0, "tax": 8.0, "status": "New", "ip": "127.0.0.1", "is_ordered": false, "created_at": "2025-05-13T07:09:59.037Z", "updated_at": "2025-05-13T07:09:59.050Z"}}, {"model": "orders.order", "pk": 104, "fields": {"user": 2, "payment": null, "order_number": "20250513104", "first_name": "Sujan", "last_name": "Dotel", "phone": "9828978984", "email": "movingwithtrend96@gmail.com", "address_line_1": "Mandandeupur", "address_line_2": "Ghumaune", "country": "Nepal", "state": "Gandaki Province", "city": "Kavre", "order_note": "", "order_total": 408.0, "tax": 8.0, "status": "New", "ip": "127.0.0.1", "is_ordered": false, "created_at": "2025-05-13T07:10:08.509Z", "updated_at": "2025-05-13T07:10:08.523Z"}}, {"model": "orders.order", "pk": 105, "fields": {"user": 2, "payment": null, "order_number": "20250513105", "first_name": "Sujan", "last_name": "Dotel", "phone": "9828978984", "email": "movingwithtrend96@gmail.com", "address_line_1": "Mandandeupur", "address_line_2": "Ghumaune", "country": "Nepal", "state": "Gandaki Province", "city": "Kavre", "order_note": "", "order_total": 408.0, "tax": 8.0, "status": "New", "ip": "127.0.0.1", "is_ordered": false, "created_at": "2025-05-13T07:10:20.534Z", "updated_at": "2025-05-13T07:10:20.545Z"}}, {"model": "orders.order", "pk": 106, "fields": {"user": 2, "payment": null, "order_number": "20250513106", "first_name": "Sujan", "last_name": "Dotel", "phone": "9828978984", "email": "movingwithtrend96@gmail.com", "address_line_1": "Mandandeupur", "address_line_2": "Ghumaune", "country": "Nepal", "state": "Gandaki Province", "city": "Kavre", "order_note": "", "order_total": 408.0, "tax": 8.0, "status": "New", "ip": "127.0.0.1", "is_ordered": false, "created_at": "2025-05-13T07:11:09.914Z", "updated_at": "2025-05-13T07:11:09.923Z"}}, {"model": "orders.order", "pk": 107, "fields": {"user": 2, "payment": null, "order_number": "20250513107", "first_name": "Sujan", "last_name": "Dotel", "phone": "9828978984", "email": "movingwithtrend96@gmail.com", "address_line_1": "Mandandeupur", "address_line_2": "Ghumaune", "country": "Nepal", "state": "Gandaki Province", "city": "Kavre", "order_note": "", "order_total": 408.0, "tax": 8.0, "status": "New", "ip": "127.0.0.1", "is_ordered": false, "created_at": "2025-05-13T07:11:12.647Z", "updated_at": "2025-05-13T07:11:12.658Z"}}, {"model": "orders.order", "pk": 108, "fields": {"user": 2, "payment": null, "order_number": "20250513108", "first_name": "Sujan", "last_name": "Dotel", "phone": "9828978984", "email": "movingwithtrend96@gmail.com", "address_line_1": "Mandandeupur", "address_line_2": "Ghumaune", "country": "Nepal", "state": "adsf", "city": "Kavre", "order_note": "", "order_total": 408.0, "tax": 8.0, "status": "New", "ip": "127.0.0.1", "is_ordered": false, "created_at": "2025-05-13T07:13:18.971Z", "updated_at": "2025-05-13T07:13:18.982Z"}}, {"model": "orders.order", "pk": 109, "fields": {"user": 2, "payment": 45, "order_number": "20250513109", "first_name": "Sujan", "last_name": "Dotel", "phone": "9828978984", "email": "movingwithtrend96@gmail.com", "address_line_1": "Mandandeupur", "address_line_2": "Ghumaune", "country": "Nepal", "state": "Gandaki Province", "city": "Kavre", "order_note": "", "order_total": 408.0, "tax": 8.0, "status": "New", "ip": "127.0.0.1", "is_ordered": true, "created_at": "2025-05-13T07:13:24.357Z", "updated_at": "2025-05-13T07:14:27.460Z"}}, {"model": "orders.order", "pk": 110, "fields": {"user": 1, "payment": null, "order_number": "20250513110", "first_name": "Sujan", "last_name": "Dotel", "phone": "9828978984", "email": "movingwithtrend96@gmail.com", "address_line_1": "Mandandeupur", "address_line_2": "Ghumaune", "country": "Nepal", "state": "asdf", "city": "Kavre", "order_note": "afds", "order_total": 510.0, "tax": 10.0, "status": "New", "ip": "127.0.0.1", "is_ordered": false, "created_at": "2025-05-13T10:55:56.905Z", "updated_at": "2025-05-13T10:55:56.918Z"}}, {"model": "orders.order", "pk": 111, "fields": {"user": 1, "payment": null, "order_number": "20250514111", "first_name": "Sujan", "last_name": "Dotel", "phone": "9828978984", "email": "movingwithtrend96@gmail.com", "address_line_1": "Mandandeupur", "address_line_2": "Ghumaune", "country": "Nepal", "state": "adf", "city": "Kavre", "order_note": "afd", "order_total": 306.0, "tax": 6.0, "status": "New", "ip": "127.0.0.1", "is_ordered": false, "created_at": "2025-05-14T09:14:49.886Z", "updated_at": "2025-05-14T09:14:49.898Z"}}, {"model": "orders.order", "pk": 112, "fields": {"user": 1, "payment": null, "order_number": "20250514112", "first_name": "Sujan", "last_name": "Dotel", "phone": "9828978984", "email": "movingwithtrend96@gmail.com", "address_line_1": "Mandandeupur", "address_line_2": "Ghumaune", "country": "Nepal", "state": "adf", "city": "Kavre", "order_note": "afd", "order_total": 306.0, "tax": 6.0, "status": "New", "ip": "127.0.0.1", "is_ordered": false, "created_at": "2025-05-14T09:16:50.369Z", "updated_at": "2025-05-14T09:16:50.378Z"}}, {"model": "orders.order", "pk": 113, "fields": {"user": 2, "payment": null, "order_number": "20250514113", "first_name": "Sujan", "last_name": "Dotel", "phone": "9828978984", "email": "movingwithtrend96@gmail.com", "address_line_1": "Mandandeupur", "address_line_2": "Ghumaune", "country": "Nepal", "state": "adsf", "city": "Kavre", "order_note": "adfs", "order_total": 204.0, "tax": 4.0, "status": "New", "ip": "127.0.0.1", "is_ordered": false, "created_at": "2025-05-14T10:54:34.771Z", "updated_at": "2025-05-14T10:54:34.779Z"}}, {"model": "orders.order", "pk": 114, "fields": {"user": 2, "payment": null, "order_number": "20250621114", "first_name": "Sujan", "last_name": "Dotel", "phone": "9828978984", "email": "movingwithtrend96@gmail.com", "address_line_1": "Mandandeupur", "address_line_2": "Ghumaune", "country": "Nepal", "state": "asdf", "city": "Kavre", "order_note": "asddfd", "order_total": 2244.0, "tax": 44.0, "status": "New", "ip": "127.0.0.1", "is_ordered": false, "created_at": "2025-06-21T02:30:09.411Z", "updated_at": "2025-06-21T02:30:09.418Z"}}, {"model": "orders.order", "pk": 115, "fields": {"user": 2, "payment": null, "order_number": "20250621115", "first_name": "Sujan", "last_name": "Dotel", "phone": "9828978984", "email": "movingwithtrend96@gmail.com", "address_line_1": "Mandandeupur", "address_line_2": "Ghumaune", "country": "Nepal", "state": "asdf", "city": "Kavre", "order_note": "asddfd", "order_total": 2244.0, "tax": 44.0, "status": "New", "ip": "127.0.0.1", "is_ordered": false, "created_at": "2025-06-21T02:31:02.104Z", "updated_at": "2025-06-21T02:31:02.109Z"}}, {"model": "orders.order", "pk": 116, "fields": {"user": 1, "payment": null, "order_number": "20250621116", "first_name": "Sujan", "last_name": "Dotel", "phone": "9828978984", "email": "movingwithtrend96@gmail.com", "address_line_1": "Mandandeupur", "address_line_2": "Ghumaune", "country": "Nepal", "state": "cv", "city": "Kavre", "order_note": "zxcv", "order_total": 714.0, "tax": 14.0, "status": "New", "ip": "127.0.0.1", "is_ordered": false, "created_at": "2025-06-21T03:51:59.480Z", "updated_at": "2025-06-21T03:51:59.487Z"}}, {"model": "orders.order", "pk": 117, "fields": {"user": 1, "payment": null, "order_number": "20250621117", "first_name": "Sujan", "last_name": "Dotel", "phone": "9828978984", "email": "movingwithtrend96@gmail.com", "address_line_1": "Mandandeupur", "address_line_2": "Ghumaune", "country": "Nepal", "state": "asdf", "city": "Kavre", "order_note": "asdf", "order_total": 1224.0, "tax": 24.0, "status": "New", "ip": "127.0.0.1", "is_ordered": false, "created_at": "2025-06-21T06:17:26.315Z", "updated_at": "2025-06-21T06:17:26.326Z"}}, {"model": "orders.order", "pk": 118, "fields": {"user": 1, "payment": null, "order_number": "20250621118", "first_name": "Sujan", "last_name": "Dotel", "phone": "9828978984", "email": "movingwithtrend96@gmail.com", "address_line_1": "Mandandeupur", "address_line_2": "Ghumaune", "country": "Nepal", "state": "asdf", "city": "Kavre", "order_note": "asdf", "order_total": 1224.0, "tax": 24.0, "status": "New", "ip": "127.0.0.1", "is_ordered": false, "created_at": "2025-06-21T06:20:27.600Z", "updated_at": "2025-06-21T06:20:27.612Z"}}, {"model": "orders.order", "pk": 119, "fields": {"user": 1, "payment": null, "order_number": "20250621119", "first_name": "Sujan", "last_name": "Dotel", "phone": "9828978984", "email": "movingwithtrend96@gmail.com", "address_line_1": "Mandandeupur", "address_line_2": "Ghumaune", "country": "Nepal", "state": "asdf", "city": "Kavre", "order_note": "asdf", "order_total": 1224.0, "tax": 24.0, "status": "New", "ip": "127.0.0.1", "is_ordered": false, "created_at": "2025-06-21T06:22:21.570Z", "updated_at": "2025-06-21T06:22:21.579Z"}}, {"model": "orders.order", "pk": 120, "fields": {"user": 1, "payment": null, "order_number": "20250621120", "first_name": "Sujan", "last_name": "Dotel", "phone": "9828978984", "email": "movingwithtrend96@gmail.com", "address_line_1": "Mandandeupur", "address_line_2": "Ghumaune", "country": "Nepal", "state": "asdf", "city": "Kavre", "order_note": "asdf", "order_total": 1224.0, "tax": 24.0, "status": "New", "ip": "127.0.0.1", "is_ordered": false, "created_at": "2025-06-21T06:22:47.112Z", "updated_at": "2025-06-21T06:22:47.122Z"}}, {"model": "orders.order", "pk": 121, "fields": {"user": 1, "payment": null, "order_number": "20250621121", "first_name": "Sujan", "last_name": "Dotel", "phone": "9828978984", "email": "movingwithtrend96@gmail.com", "address_line_1": "Mandandeupur", "address_line_2": "Ghumaune", "country": "Nepal", "state": "asdf", "city": "Kavre", "order_note": "asdf", "order_total": 1734.0, "tax": 34.0, "status": "New", "ip": "127.0.0.1", "is_ordered": false, "created_at": "2025-06-21T06:24:23.586Z", "updated_at": "2025-06-21T06:24:23.599Z"}}, {"model": "orders.order", "pk": 122, "fields": {"user": 1, "payment": null, "order_number": "20250621122", "first_name": "Sujan", "last_name": "Dotel", "phone": "9828978984", "email": "movingwithtrend96@gmail.com", "address_line_1": "Mandandeupur", "address_line_2": "Ghumaune", "country": "Nepal", "state": "asdf", "city": "Kavre", "order_note": "asdf", "order_total": 1734.0, "tax": 34.0, "status": "New", "ip": "127.0.0.1", "is_ordered": false, "created_at": "2025-06-21T06:24:40.469Z", "updated_at": "2025-06-21T06:24:40.481Z"}}, {"model": "orders.order", "pk": 123, "fields": {"user": 1, "payment": 46, "order_number": "20250621123", "first_name": "Sujan", "last_name": "Dotel", "phone": "9828978984", "email": "movingwithtrend96@gmail.com", "address_line_1": "Mandandeupur", "address_line_2": "Ghumaune", "country": "Nepal", "state": "asfd", "city": "Kavre", "order_note": "adsf", "order_total": 1734.0, "tax": 34.0, "status": "New", "ip": "127.0.0.1", "is_ordered": true, "created_at": "2025-06-21T06:26:46.212Z", "updated_at": "2025-06-21T06:27:28.387Z"}}, {"model": "orders.order", "pk": 124, "fields": {"user": 1, "payment": 50, "order_number": "20250621124", "first_name": "Sujan", "last_name": "Dotel", "phone": "9828978984", "email": "movingwithtrend96@gmail.com", "address_line_1": "Mandandeupur", "address_line_2": "Ghumaune", "country": "Nepal", "state": "asddf", "city": "Kavre", "order_note": "asdfdd", "order_total": 306.0, "tax": 6.0, "status": "New", "ip": "127.0.0.1", "is_ordered": true, "created_at": "2025-06-21T06:29:30.530Z", "updated_at": "2025-06-21T06:51:04.255Z"}}, {"model": "orders.order", "pk": 125, "fields": {"user": 1, "payment": 52, "order_number": "20250621125", "first_name": "Sujan", "last_name": "Dotel", "phone": "9828978984", "email": "movingwithtrend96@gmail.com", "address_line_1": "Mandandeupur", "address_line_2": "Ghumaune", "country": "Nepal", "state": "asdf", "city": "Kavre", "order_note": "asdf", "order_total": 510.0, "tax": 10.0, "status": "New", "ip": "127.0.0.1", "is_ordered": true, "created_at": "2025-06-21T06:54:13.106Z", "updated_at": "2025-06-21T06:56:35.725Z"}}, {"model": "orders.order", "pk": 126, "fields": {"user": 1, "payment": 53, "order_number": "20250621126", "first_name": "Sujan", "last_name": "Dotel", "phone": "9828978984", "email": "movingwithtrend96@gmail.com", "address_line_1": "Mandandeupur", "address_line_2": "Ghumaune", "country": "Nepal", "state": "adfs", "city": "Kavre", "order_note": "adsf", "order_total": 408.0, "tax": 8.0, "status": "New", "ip": "127.0.0.1", "is_ordered": true, "created_at": "2025-06-21T07:12:07.280Z", "updated_at": "2025-06-21T07:12:28.974Z"}}, {"model": "orders.order", "pk": 127, "fields": {"user": 1, "payment": 54, "order_number": "20250621127", "first_name": "Sujan", "last_name": "Dotel", "phone": "9828978984", "email": "movingwithtrend96@gmail.com", "address_line_1": "Mandandeupur", "address_line_2": "Ghumaune", "country": "Nepal", "state": "asdf", "city": "Kavre", "order_note": "asdf", "order_total": 153.0, "tax": 3.0, "status": "New", "ip": "127.0.0.1", "is_ordered": true, "created_at": "2025-06-21T07:37:38.205Z", "updated_at": "2025-06-21T07:37:54.737Z"}}, {"model": "orders.order", "pk": 128, "fields": {"user": 1, "payment": 55, "order_number": "20250621128", "first_name": "Sujan", "last_name": "Dotel", "phone": "9828978984", "email": "movingwithtrend96@gmail.com", "address_line_1": "Mandandeupur", "address_line_2": "Ghumaune", "country": "Nepal", "state": "asdf", "city": "Kavre", "order_note": "asdf", "order_total": 153.0, "tax": 3.0, "status": "New", "ip": "127.0.0.1", "is_ordered": true, "created_at": "2025-06-21T07:41:49.838Z", "updated_at": "2025-06-21T07:42:13.297Z"}}, {"model": "orders.order", "pk": 129, "fields": {"user": 1, "payment": 56, "order_number": "20250621129", "first_name": "Sujan", "last_name": "Dotel", "phone": "9828978984", "email": "movingwithtrend96@gmail.com", "address_line_1": "Mandandeupur", "address_line_2": "Ghumaune", "country": "Nepal", "state": "adf", "city": "Kavre", "order_note": "asf", "order_total": 153.0, "tax": 3.0, "status": "New", "ip": "127.0.0.1", "is_ordered": true, "created_at": "2025-06-21T07:44:34.216Z", "updated_at": "2025-06-21T07:44:49.357Z"}}, {"model": "orders.order", "pk": 130, "fields": {"user": 1, "payment": null, "order_number": "20250621130", "first_name": "Sujan", "last_name": "Dotel", "phone": "9828978984", "email": "movingwithtrend96@gmail.com", "address_line_1": "Mandandeupur", "address_line_2": "Ghumaune", "country": "Nepal", "state": "asdf", "city": "Kavre", "order_note": "asdf", "order_total": 153.0, "tax": 3.0, "status": "New", "ip": "127.0.0.1", "is_ordered": false, "created_at": "2025-06-21T07:46:53.752Z", "updated_at": "2025-06-21T07:46:53.758Z"}}, {"model": "orders.order", "pk": 131, "fields": {"user": 1, "payment": null, "order_number": "20250621131", "first_name": "Sujan", "last_name": "Dotel", "phone": "9828978984", "email": "movingwithtrend96@gmail.com", "address_line_1": "Mandandeupur", "address_line_2": "Ghumaune", "country": "Nepal", "state": "afd", "city": "Kavre", "order_note": "assdf", "order_total": 153.0, "tax": 3.0, "status": "New", "ip": "127.0.0.1", "is_ordered": false, "created_at": "2025-06-21T09:05:51.684Z", "updated_at": "2025-06-21T09:05:51.696Z"}}, {"model": "orders.order", "pk": 132, "fields": {"user": 1, "payment": 59, "order_number": "20250621132", "first_name": "Sujan", "last_name": "Dotel", "phone": "9828978984", "email": "movingwithtrend96@gmail.com", "address_line_1": "Mandandeupur", "address_line_2": "Ghumaune", "country": "Nepal", "state": "adf", "city": "Kavre", "order_note": "asdf", "order_total": 173.4, "tax": 3.4, "status": "New", "ip": "127.0.0.1", "is_ordered": true, "created_at": "2025-06-21T09:12:33.036Z", "updated_at": "2025-06-21T09:35:13.162Z"}}, {"model": "orders.order", "pk": 133, "fields": {"user": 2, "payment": 60, "order_number": "20250621133", "first_name": "Sujan", "last_name": "Dotel", "phone": "9828978984", "email": "movingwithtrend96@gmail.com", "address_line_1": "Mandandeupur", "address_line_2": "Ghumaune", "country": "Nepal", "state": "sadf", "city": "Kavre", "order_note": "asdf", "order_total": 1020.0, "tax": 20.0, "status": "New", "ip": "127.0.0.1", "is_ordered": true, "created_at": "2025-06-21T09:38:22.958Z", "updated_at": "2025-06-21T09:39:37.254Z"}}, {"model": "orders.order", "pk": 134, "fields": {"user": 2, "payment": null, "order_number": "20250621134", "first_name": "Sujan", "last_name": "Dotel", "phone": "9828978984", "email": "movingwithtrend96@gmail.com", "address_line_1": "Mandandeupur", "address_line_2": "Ghumaune", "country": "Nepal", "state": "adsf", "city": "Kavre", "order_note": "adsf", "order_total": 20.4, "tax": 0.4, "status": "New", "ip": "127.0.0.1", "is_ordered": false, "created_at": "2025-06-21T09:45:11.739Z", "updated_at": "2025-06-21T09:45:11.748Z"}}, {"model": "orders.order", "pk": 135, "fields": {"user": 2, "payment": null, "order_number": "20250621135", "first_name": "Sujan", "last_name": "Dotel", "phone": "9828978984", "email": "movingwithtrend96@gmail.com", "address_line_1": "Mandandeupur", "address_line_2": "Ghumaune", "country": "Nepal", "state": "asdf", "city": "Kavre", "order_note": "asdf", "order_total": 40.8, "tax": 0.8, "status": "New", "ip": "127.0.0.1", "is_ordered": false, "created_at": "2025-06-21T10:00:00.531Z", "updated_at": "2025-06-21T10:00:00.544Z"}}, {"model": "orders.order", "pk": 136, "fields": {"user": 2, "payment": null, "order_number": "20250621136", "first_name": "Sujan", "last_name": "Dotel", "phone": "9828978984", "email": "movingwithtrend96@gmail.com", "address_line_1": "Mandandeupur", "address_line_2": "Ghumaune", "country": "Nepal", "state": "asdfd", "city": "Kavre", "order_note": "asdf", "order_total": 61.2, "tax": 1.2, "status": "New", "ip": "127.0.0.1", "is_ordered": false, "created_at": "2025-06-21T10:04:45.520Z", "updated_at": "2025-06-21T10:04:45.533Z"}}, {"model": "orders.order", "pk": 137, "fields": {"user": 2, "payment": null, "order_number": "20250621137", "first_name": "Sujan", "last_name": "Dotel", "phone": "9828978984", "email": "movingwithtrend96@gmail.com", "address_line_1": "Mandandeupur", "address_line_2": "Ghumaune", "country": "Nepal", "state": "asdfd", "city": "Kavre", "order_note": "asdf", "order_total": 61.2, "tax": 1.2, "status": "New", "ip": "127.0.0.1", "is_ordered": false, "created_at": "2025-06-21T10:05:25.728Z", "updated_at": "2025-06-21T10:05:25.734Z"}}, {"model": "orders.order", "pk": 138, "fields": {"user": 2, "payment": null, "order_number": "20250622138", "first_name": "Sujan", "last_name": "Dotel", "phone": "9828978984", "email": "movingwithtrend96@gmail.com", "address_line_1": "Mandandeupur", "address_line_2": "Ghumaune", "country": "Nepal", "state": "Gandaki Province", "city": "Kavre", "order_note": "asdf", "order_total": 234.6, "tax": 4.6, "status": "New", "ip": "127.0.0.1", "is_ordered": false, "created_at": "2025-06-22T11:05:49.783Z", "updated_at": "2025-06-22T11:05:49.790Z"}}, {"model": "orders.order", "pk": 139, "fields": {"user": 2, "payment": null, "order_number": "20250622139", "first_name": "Sujan", "last_name": "Dotel", "phone": "9828978984", "email": "movingwithtrend96@gmail.com", "address_line_1": "Mandandeupur", "address_line_2": "Ghumaune", "country": "Nepal", "state": "asdf", "city": "Kavre", "order_note": "asdf", "order_total": 204.0, "tax": 4.0, "status": "New", "ip": "127.0.0.1", "is_ordered": false, "created_at": "2025-06-22T14:52:03.875Z", "updated_at": "2025-06-22T14:52:03.882Z"}}, {"model": "orders.orderproduct", "pk": 1, "fields": {"order": 1, "payment": 1, "user": 2, "product": 13, "model_number": null, "quantity": 1, "product_price": 20.0, "ordered": true, "created_at": "2025-05-08T07:44:16.831Z", "updated_at": "2025-05-08T07:44:16.840Z", "variation": []}}, {"model": "orders.orderproduct", "pk": 2, "fields": {"order": 2, "payment": 2, "user": 2, "product": 1, "model_number": null, "quantity": 1, "product_price": 100.0, "ordered": true, "created_at": "2025-05-08T07:46:00.099Z", "updated_at": "2025-05-08T07:46:00.112Z", "variation": [5]}}, {"model": "orders.orderproduct", "pk": 3, "fields": {"order": 3, "payment": 3, "user": 2, "product": 4, "model_number": null, "quantity": 1, "product_price": 300.0, "ordered": true, "created_at": "2025-05-08T08:03:23.301Z", "updated_at": "2025-05-08T08:03:23.309Z", "variation": []}}, {"model": "orders.orderproduct", "pk": 4, "fields": {"order": 4, "payment": 4, "user": 2, "product": 5, "model_number": null, "quantity": 1, "product_price": 200.0, "ordered": true, "created_at": "2025-05-08T08:06:23.479Z", "updated_at": "2025-05-08T08:06:23.493Z", "variation": [1]}}, {"model": "orders.orderproduct", "pk": 5, "fields": {"order": 4, "payment": 4, "user": 2, "product": 2, "model_number": null, "quantity": 1, "product_price": 1000.0, "ordered": true, "created_at": "2025-05-08T08:06:23.504Z", "updated_at": "2025-05-08T08:06:23.510Z", "variation": []}}, {"model": "orders.orderproduct", "pk": 6, "fields": {"order": 15, "payment": 5, "user": 2, "product": 13, "model_number": null, "quantity": 1, "product_price": 20.0, "ordered": true, "created_at": "2025-05-08T09:27:22.857Z", "updated_at": "2025-05-08T09:27:22.873Z", "variation": []}}, {"model": "orders.orderproduct", "pk": 7, "fields": {"order": 16, "payment": 6, "user": 2, "product": 13, "model_number": "SMH-37", "quantity": 1, "product_price": 20.0, "ordered": true, "created_at": "2025-05-08T09:44:37.374Z", "updated_at": "2025-05-08T09:44:37.391Z", "variation": []}}, {"model": "orders.orderproduct", "pk": 8, "fields": {"order": 19, "payment": 7, "user": 2, "product": 13, "model_number": "SMH-37", "quantity": 1, "product_price": 20.0, "ordered": true, "created_at": "2025-05-08T10:02:58.289Z", "updated_at": "2025-05-08T10:02:58.304Z", "variation": []}}, {"model": "orders.orderproduct", "pk": 9, "fields": {"order": 19, "payment": 7, "user": 2, "product": 1, "model_number": "SMH-28", "quantity": 1, "product_price": 100.0, "ordered": true, "created_at": "2025-05-08T10:02:58.316Z", "updated_at": "2025-05-08T10:02:58.329Z", "variation": [5]}}, {"model": "orders.orderproduct", "pk": 10, "fields": {"order": 28, "payment": 8, "user": 2, "product": 1, "model_number": "SMH-24", "quantity": 1, "product_price": 100.0, "ordered": true, "created_at": "2025-05-08T11:30:32.014Z", "updated_at": "2025-05-08T11:30:32.044Z", "variation": [4]}}, {"model": "orders.orderproduct", "pk": 11, "fields": {"order": 28, "payment": 8, "user": 2, "product": 1, "model_number": "SMH-28", "quantity": 1, "product_price": 100.0, "ordered": true, "created_at": "2025-05-08T11:30:32.062Z", "updated_at": "2025-05-08T11:30:32.082Z", "variation": [5]}}, {"model": "orders.orderproduct", "pk": 12, "fields": {"order": 28, "payment": 8, "user": 2, "product": 5, "model_number": "sdf", "quantity": 1, "product_price": 200.0, "ordered": true, "created_at": "2025-05-08T11:30:32.103Z", "updated_at": "2025-05-08T11:30:32.123Z", "variation": [1]}}, {"model": "orders.orderproduct", "pk": 13, "fields": {"order": 28, "payment": 8, "user": 2, "product": 5, "model_number": "sew", "quantity": 1, "product_price": 200.0, "ordered": true, "created_at": "2025-05-08T11:30:32.135Z", "updated_at": "2025-05-08T11:30:32.150Z", "variation": [2]}}, {"model": "orders.orderproduct", "pk": 14, "fields": {"order": 28, "payment": 8, "user": 2, "product": 5, "model_number": "swq", "quantity": 1, "product_price": 200.0, "ordered": true, "created_at": "2025-05-08T11:30:32.166Z", "updated_at": "2025-05-08T11:30:32.183Z", "variation": [3]}}, {"model": "orders.orderproduct", "pk": 15, "fields": {"order": 28, "payment": 8, "user": 2, "product": 13, "model_number": "SMH-37", "quantity": 1, "product_price": 20.0, "ordered": true, "created_at": "2025-05-08T11:30:32.198Z", "updated_at": "2025-05-08T11:30:32.211Z", "variation": []}}, {"model": "orders.orderproduct", "pk": 16, "fields": {"order": 28, "payment": 8, "user": 2, "product": 3, "model_number": "", "quantity": 1, "product_price": 200.0, "ordered": true, "created_at": "2025-05-08T11:30:32.227Z", "updated_at": "2025-05-08T11:30:32.239Z", "variation": []}}, {"model": "orders.orderproduct", "pk": 17, "fields": {"order": 34, "payment": 9, "user": 2, "product": 13, "model_number": "SMH-37", "quantity": 5, "product_price": 20.0, "ordered": true, "created_at": "2025-05-08T13:24:12.491Z", "updated_at": "2025-05-08T13:24:12.510Z", "variation": []}}, {"model": "orders.orderproduct", "pk": 18, "fields": {"order": 34, "payment": 9, "user": 2, "product": 5, "model_number": "sdf", "quantity": 3, "product_price": 200.0, "ordered": true, "created_at": "2025-05-08T13:24:12.528Z", "updated_at": "2025-05-08T13:24:12.546Z", "variation": [1]}}, {"model": "orders.orderproduct", "pk": 19, "fields": {"order": 34, "payment": 9, "user": 2, "product": 8, "model_number": null, "quantity": 1, "product_price": 200.0, "ordered": true, "created_at": "2025-05-08T13:24:12.568Z", "updated_at": "2025-05-08T13:24:12.581Z", "variation": []}}, {"model": "orders.orderproduct", "pk": 20, "fields": {"order": 35, "payment": 10, "user": 2, "product": 1, "model_number": "SMH-28", "quantity": 1, "product_price": 100.0, "ordered": true, "created_at": "2025-05-08T13:36:58.759Z", "updated_at": "2025-05-08T13:36:58.775Z", "variation": [5]}}, {"model": "orders.orderproduct", "pk": 21, "fields": {"order": 42, "payment": 11, "user": 2, "product": 5, "model_number": "sdf", "quantity": 1, "product_price": 200.0, "ordered": true, "created_at": "2025-05-08T16:09:51.468Z", "updated_at": "2025-05-08T16:09:51.496Z", "variation": [1]}}, {"model": "orders.orderproduct", "pk": 22, "fields": {"order": 43, "payment": 14, "user": 3, "product": 1, "model_number": "SMH-28", "quantity": 1, "product_price": 100.0, "ordered": true, "created_at": "2025-05-09T05:11:21.509Z", "updated_at": "2025-05-09T05:11:21.526Z", "variation": [5]}}, {"model": "orders.orderproduct", "pk": 30, "fields": {"order": 51, "payment": 18, "user": 7, "product": 1, "model_number": "SMH-28", "quantity": 1, "product_price": 100.0, "ordered": true, "created_at": "2025-05-09T11:09:57.192Z", "updated_at": "2025-05-09T11:09:57.211Z", "variation": [5]}}, {"model": "orders.orderproduct", "pk": 31, "fields": {"order": 53, "payment": 19, "user": 7, "product": 8, "model_number": null, "quantity": 1, "product_price": 200.0, "ordered": true, "created_at": "2025-05-09T12:12:38.728Z", "updated_at": "2025-05-09T12:12:38.744Z", "variation": []}}, {"model": "orders.orderproduct", "pk": 34, "fields": {"order": 59, "payment": 21, "user": 3, "product": 5, "model_number": "sdf", "quantity": 1, "product_price": 200.0, "ordered": true, "created_at": "2025-05-09T15:59:30.012Z", "updated_at": "2025-05-09T15:59:30.035Z", "variation": [1]}}, {"model": "orders.orderproduct", "pk": 35, "fields": {"order": 60, "payment": 22, "user": 3, "product": 1, "model_number": "SMH-24", "quantity": 2, "product_price": 100.0, "ordered": true, "created_at": "2025-05-09T17:02:15.150Z", "updated_at": "2025-05-09T17:02:15.173Z", "variation": [4]}}, {"model": "orders.orderproduct", "pk": 36, "fields": {"order": 71, "payment": 23, "user": 1, "product": 1, "model_number": "SMH-28", "quantity": 1, "product_price": 100.0, "ordered": true, "created_at": "2025-05-10T11:11:09.462Z", "updated_at": "2025-05-10T11:11:09.482Z", "variation": [5]}}, {"model": "orders.orderproduct", "pk": 37, "fields": {"order": 71, "payment": 23, "user": 1, "product": 1, "model_number": "SMH-24", "quantity": 1, "product_price": 100.0, "ordered": true, "created_at": "2025-05-10T11:11:09.495Z", "updated_at": "2025-05-10T11:11:09.511Z", "variation": [4]}}, {"model": "orders.orderproduct", "pk": 38, "fields": {"order": 75, "payment": 24, "user": 1, "product": 1, "model_number": "SMH-24", "quantity": 1, "product_price": 100.0, "ordered": true, "created_at": "2025-05-10T13:35:31.451Z", "updated_at": "2025-05-10T13:35:31.468Z", "variation": [4]}}, {"model": "orders.orderproduct", "pk": 39, "fields": {"order": 76, "payment": 25, "user": 11, "product": 1, "model_number": "SMH-24", "quantity": 1, "product_price": 100.0, "ordered": true, "created_at": "2025-05-10T15:36:35.500Z", "updated_at": "2025-05-10T15:36:35.536Z", "variation": [4]}}, {"model": "orders.orderproduct", "pk": 40, "fields": {"order": 76, "payment": 25, "user": 11, "product": 2, "model_number": "", "quantity": 1, "product_price": 1000.0, "ordered": true, "created_at": "2025-05-10T15:36:35.559Z", "updated_at": "2025-05-10T15:36:35.570Z", "variation": []}}, {"model": "orders.orderproduct", "pk": 41, "fields": {"order": 77, "payment": 29, "user": 11, "product": 1, "model_number": "SMH-24", "quantity": 1, "product_price": 100.0, "ordered": true, "created_at": "2025-05-10T16:15:14.512Z", "updated_at": "2025-05-10T16:15:14.534Z", "variation": [4]}}, {"model": "orders.orderproduct", "pk": 42, "fields": {"order": 78, "payment": 30, "user": 11, "product": 13, "model_number": "SMH-37", "quantity": 1, "product_price": 20.0, "ordered": true, "created_at": "2025-05-10T16:27:17.616Z", "updated_at": "2025-05-10T16:27:17.636Z", "variation": []}}, {"model": "orders.orderproduct", "pk": 43, "fields": {"order": 79, "payment": 40, "user": 11, "product": 13, "model_number": "SMH-37", "quantity": 1, "product_price": 20.0, "ordered": true, "created_at": "2025-05-10T16:40:50.780Z", "updated_at": "2025-05-10T16:40:50.796Z", "variation": []}}, {"model": "orders.orderproduct", "pk": 44, "fields": {"order": 80, "payment": 41, "user": 11, "product": 1, "model_number": "SMH-24", "quantity": 1, "product_price": 100.0, "ordered": true, "created_at": "2025-05-10T16:49:12.563Z", "updated_at": "2025-05-10T16:49:12.588Z", "variation": [4]}}, {"model": "orders.orderproduct", "pk": 45, "fields": {"order": 81, "payment": 42, "user": 11, "product": 1, "model_number": "SMH-28", "quantity": 1, "product_price": 100.0, "ordered": true, "created_at": "2025-05-10T16:51:45.968Z", "updated_at": "2025-05-10T16:51:45.991Z", "variation": [5]}}, {"model": "orders.orderproduct", "pk": 46, "fields": {"order": 81, "payment": 42, "user": 11, "product": 13, "model_number": "SMH-37", "quantity": 1, "product_price": 20.0, "ordered": true, "created_at": "2025-05-10T16:51:46.009Z", "updated_at": "2025-05-10T16:51:46.023Z", "variation": []}}, {"model": "orders.orderproduct", "pk": 47, "fields": {"order": 81, "payment": 42, "user": 11, "product": 3, "model_number": "", "quantity": 1, "product_price": 200.0, "ordered": true, "created_at": "2025-05-10T16:51:46.042Z", "updated_at": "2025-05-10T16:51:46.054Z", "variation": []}}, {"model": "orders.orderproduct", "pk": 48, "fields": {"order": 82, "payment": 43, "user": 11, "product": 5, "model_number": "sdf", "quantity": 1, "product_price": 200.0, "ordered": true, "created_at": "2025-05-10T16:54:37.038Z", "updated_at": "2025-05-10T16:54:37.067Z", "variation": [1]}}, {"model": "orders.orderproduct", "pk": 49, "fields": {"order": 82, "payment": 43, "user": 11, "product": 13, "model_number": "SMH-37", "quantity": 1, "product_price": 20.0, "ordered": true, "created_at": "2025-05-10T16:54:37.089Z", "updated_at": "2025-05-10T16:54:37.106Z", "variation": []}}, {"model": "orders.orderproduct", "pk": 50, "fields": {"order": 82, "payment": 43, "user": 11, "product": 3, "model_number": "", "quantity": 1, "product_price": 200.0, "ordered": true, "created_at": "2025-05-10T16:54:37.128Z", "updated_at": "2025-05-10T16:54:37.148Z", "variation": []}}, {"model": "orders.orderproduct", "pk": 51, "fields": {"order": 91, "payment": 44, "user": 1, "product": 1, "model_number": "SMH-24", "quantity": 1, "product_price": 100.0, "ordered": true, "created_at": "2025-05-12T09:16:34.491Z", "updated_at": "2025-05-12T09:16:34.524Z", "variation": [4]}}, {"model": "orders.orderproduct", "pk": 52, "fields": {"order": 109, "payment": 45, "user": 2, "product": 1, "model_number": "SMH-24", "quantity": 1, "product_price": 100.0, "ordered": true, "created_at": "2025-05-13T07:14:27.481Z", "updated_at": "2025-05-13T07:14:27.520Z", "variation": [4]}}, {"model": "orders.orderproduct", "pk": 53, "fields": {"order": 109, "payment": 45, "user": 2, "product": 4, "model_number": "SMH-27", "quantity": 1, "product_price": 300.0, "ordered": true, "created_at": "2025-05-13T07:14:27.544Z", "updated_at": "2025-05-13T07:14:27.558Z", "variation": []}}, {"model": "orders.orderproduct", "pk": 54, "fields": {"order": 123, "payment": 46, "user": 1, "product": 1, "model_number": "SMH-28", "quantity": 5, "product_price": 100.0, "ordered": true, "created_at": "2025-06-21T06:27:28.404Z", "updated_at": "2025-06-21T06:27:28.430Z", "variation": [5]}}, {"model": "orders.orderproduct", "pk": 55, "fields": {"order": 123, "payment": 46, "user": 1, "product": 6, "model_number": null, "quantity": 2, "product_price": 200.0, "ordered": true, "created_at": "2025-06-21T06:27:28.450Z", "updated_at": "2025-06-21T06:27:28.464Z", "variation": []}}, {"model": "orders.orderproduct", "pk": 56, "fields": {"order": 123, "payment": 46, "user": 1, "product": 4, "model_number": "SMH-27", "quantity": 1, "product_price": 300.0, "ordered": true, "created_at": "2025-06-21T06:27:28.485Z", "updated_at": "2025-06-21T06:27:28.496Z", "variation": []}}, {"model": "orders.orderproduct", "pk": 57, "fields": {"order": 124, "payment": 47, "user": 1, "product": 1, "model_number": "SMH-24", "quantity": 2, "product_price": 100.0, "ordered": true, "created_at": "2025-06-21T06:30:07.872Z", "updated_at": "2025-06-21T06:30:07.897Z", "variation": [4]}}, {"model": "orders.orderproduct", "pk": 58, "fields": {"order": 125, "payment": 51, "user": 1, "product": 1, "model_number": "SMH-24", "quantity": 2, "product_price": 100.0, "ordered": true, "created_at": "2025-06-21T06:55:11.656Z", "updated_at": "2025-06-21T06:55:11.672Z", "variation": [4]}}, {"model": "orders.orderproduct", "pk": 59, "fields": {"order": 125, "payment": 51, "user": 1, "product": 3, "model_number": null, "quantity": 1, "product_price": 200.0, "ordered": true, "created_at": "2025-06-21T06:55:11.685Z", "updated_at": "2025-06-21T06:55:11.694Z", "variation": []}}, {"model": "orders.orderproduct", "pk": 60, "fields": {"order": 126, "payment": 53, "user": 1, "product": 1, "model_number": "SMH-28", "quantity": 2, "product_price": 100.0, "ordered": true, "created_at": "2025-06-21T07:12:28.985Z", "updated_at": "2025-06-21T07:12:29.000Z", "variation": [5]}}, {"model": "orders.orderproduct", "pk": 61, "fields": {"order": 127, "payment": 54, "user": 1, "product": 1, "model_number": "SMH-24", "quantity": 1, "product_price": 100.0, "ordered": true, "created_at": "2025-06-21T07:37:54.746Z", "updated_at": "2025-06-21T07:37:54.762Z", "variation": [4]}}, {"model": "orders.orderproduct", "pk": 62, "fields": {"order": 128, "payment": 55, "user": 1, "product": 1, "model_number": "SMH-24", "quantity": 1, "product_price": 100.0, "ordered": true, "created_at": "2025-06-21T07:42:13.306Z", "updated_at": "2025-06-21T07:42:13.322Z", "variation": [4]}}, {"model": "orders.orderproduct", "pk": 63, "fields": {"order": 129, "payment": 56, "user": 1, "product": 1, "model_number": "SMH-24", "quantity": 1, "product_price": 100.0, "ordered": true, "created_at": "2025-06-21T07:44:49.369Z", "updated_at": "2025-06-21T07:44:49.383Z", "variation": [4]}}, {"model": "orders.orderproduct", "pk": 64, "fields": {"order": 132, "payment": 57, "user": 1, "product": 1, "model_number": "SMH-24", "quantity": 1, "product_price": 150.0, "ordered": true, "created_at": "2025-06-21T09:20:07.806Z", "updated_at": "2025-06-21T09:20:07.832Z", "variation": [4]}}, {"model": "orders.orderproduct", "pk": 65, "fields": {"order": 132, "payment": 57, "user": 1, "product": 13, "model_number": "SMH-37", "quantity": 1, "product_price": 20.0, "ordered": true, "created_at": "2025-06-21T09:20:07.852Z", "updated_at": "2025-06-21T09:20:07.860Z", "variation": []}}, {"model": "orders.orderproduct", "pk": 66, "fields": {"order": 133, "payment": 60, "user": 2, "product": 1, "model_number": "SMH-28", "quantity": 2, "product_price": 200.0, "ordered": true, "created_at": "2025-06-21T09:39:37.270Z", "updated_at": "2025-06-21T09:39:37.294Z", "variation": [5]}}, {"model": "orders.orderproduct", "pk": 67, "fields": {"order": 133, "payment": 60, "user": 2, "product": 5, "model_number": "sdf", "quantity": 1, "product_price": 500.0, "ordered": true, "created_at": "2025-06-21T09:39:37.313Z", "updated_at": "2025-06-21T09:39:37.331Z", "variation": [1]}}, {"model": "orders.orderproduct", "pk": 68, "fields": {"order": 133, "payment": 60, "user": 2, "product": 13, "model_number": "SMH-37", "quantity": 5, "product_price": 20.0, "ordered": true, "created_at": "2025-06-21T09:39:37.356Z", "updated_at": "2025-06-21T09:39:37.367Z", "variation": []}}, {"model": "newsletter.newslettersubscriber", "pk": 4, "fields": {"email": "sujandotel181@gmail.com", "subscribed_at": "2025-05-14T12:21:49.497Z"}}, {"model": "admin_honeypot.loginattempt", "pk": 1, "fields": {"username": "testing@gmail.com", "ip_address": "127.0.0.1", "session_key": "s61s5lzmuzykn3v781jnrxh8ogtvmcy2", "user_agent": "Mozilla/5.0 (Windows NT 10.0; Win64; x64) AppleWebKit/537.36 (KHTML, like Gecko) Chrome/137.0.0.0 Safari/537.36", "timestamp": "2025-06-21T12:17:49.292Z", "path": "/admin/login/?next=/admin/"}}]